-- Database Report For 
--  Import of OBO File: /net/homehost/export/home/mwicks/ma-day/workspace/Anatomy/Database/Versions/Version008/ConvertFromVersion007/OBOFiles/JaneA_2010-10-15_Corrected.obo
--  Using Reference: jdbc:mysql://localhost:3306/mouse_jane

-- CRITICAL WARNINGS
-- =================


-- ANA_VERSION
-- ===========

-- Inserting First Object ID for entire database update --

INSERT INTO ANA_OBJECT (obj_oid , obj_creation_datetime, obj_creator_fk) VALUES (33541, NOW(), NULL);

-- Inserting Version --

-- INSERT INTO ANA_VERSION (ver_oid, ver_number, ver_date, ver_comments) VALUES (33541, 8, NOW(), 'DB2OBO Update: Editing the ontology');


-- ANA_NODE
-- ========

-- Inserting Object IDs for Creation of New Components --

INSERT INTO ANA_OBJECT (obj_oid , obj_creation_datetime, obj_creator_fk) VALUES (33542, NOW(), NULL);
INSERT INTO ANA_OBJECT (obj_oid , obj_creation_datetime, obj_creator_fk) VALUES (33543, NOW(), NULL);
INSERT INTO ANA_OBJECT (obj_oid , obj_creation_datetime, obj_creator_fk) VALUES (33544, NOW(), NULL);
INSERT INTO ANA_OBJECT (obj_oid , obj_creation_datetime, obj_creator_fk) VALUES (33545, NOW(), NULL);
INSERT INTO ANA_OBJECT (obj_oid , obj_creation_datetime, obj_creator_fk) VALUES (33546, NOW(), NULL);
INSERT INTO ANA_OBJECT (obj_oid , obj_creation_datetime, obj_creator_fk) VALUES (33547, NOW(), NULL);
INSERT INTO ANA_OBJECT (obj_oid , obj_creation_datetime, obj_creator_fk) VALUES (33548, NOW(), NULL);
INSERT INTO ANA_OBJECT (obj_oid , obj_creation_datetime, obj_creator_fk) VALUES (33549, NOW(), NULL);
INSERT INTO ANA_OBJECT (obj_oid , obj_creation_datetime, obj_creator_fk) VALUES (33550, NOW(), NULL);
INSERT INTO ANA_OBJECT (obj_oid , obj_creation_datetime, obj_creator_fk) VALUES (33551, NOW(), NULL);
INSERT INTO ANA_OBJECT (obj_oid , obj_creation_datetime, obj_creator_fk) VALUES (33552, NOW(), NULL);
INSERT INTO ANA_OBJECT (obj_oid , obj_creation_datetime, obj_creator_fk) VALUES (33553, NOW(), NULL);
INSERT INTO ANA_OBJECT (obj_oid , obj_creation_datetime, obj_creator_fk) VALUES (33554, NOW(), NULL);
INSERT INTO ANA_OBJECT (obj_oid , obj_creation_datetime, obj_creator_fk) VALUES (33555, NOW(), NULL);
INSERT INTO ANA_OBJECT (obj_oid , obj_creation_datetime, obj_creator_fk) VALUES (33556, NOW(), NULL);
INSERT INTO ANA_OBJECT (obj_oid , obj_creation_datetime, obj_creator_fk) VALUES (33557, NOW(), NULL);
INSERT INTO ANA_OBJECT (obj_oid , obj_creation_datetime, obj_creator_fk) VALUES (33558, NOW(), NULL);
INSERT INTO ANA_OBJECT (obj_oid , obj_creation_datetime, obj_creator_fk) VALUES (33559, NOW(), NULL);
INSERT INTO ANA_OBJECT (obj_oid , obj_creation_datetime, obj_creator_fk) VALUES (33560, NOW(), NULL);
INSERT INTO ANA_OBJECT (obj_oid , obj_creation_datetime, obj_creator_fk) VALUES (33561, NOW(), NULL);
INSERT INTO ANA_OBJECT (obj_oid , obj_creation_datetime, obj_creator_fk) VALUES (33562, NOW(), NULL);
INSERT INTO ANA_OBJECT (obj_oid , obj_creation_datetime, obj_creator_fk) VALUES (33563, NOW(), NULL);
INSERT INTO ANA_OBJECT (obj_oid , obj_creation_datetime, obj_creator_fk) VALUES (33564, NOW(), NULL);
INSERT INTO ANA_OBJECT (obj_oid , obj_creation_datetime, obj_creator_fk) VALUES (33565, NOW(), NULL);
INSERT INTO ANA_OBJECT (obj_oid , obj_creation_datetime, obj_creator_fk) VALUES (33566, NOW(), NULL);
INSERT INTO ANA_OBJECT (obj_oid , obj_creation_datetime, obj_creator_fk) VALUES (33567, NOW(), NULL);
INSERT INTO ANA_OBJECT (obj_oid , obj_creation_datetime, obj_creator_fk) VALUES (33568, NOW(), NULL);
INSERT INTO ANA_OBJECT (obj_oid , obj_creation_datetime, obj_creator_fk) VALUES (33569, NOW(), NULL);
INSERT INTO ANA_OBJECT (obj_oid , obj_creation_datetime, obj_creator_fk) VALUES (33570, NOW(), NULL);
INSERT INTO ANA_OBJECT (obj_oid , obj_creation_datetime, obj_creator_fk) VALUES (33571, NOW(), NULL);
INSERT INTO ANA_OBJECT (obj_oid , obj_creation_datetime, obj_creator_fk) VALUES (33572, NOW(), NULL);
INSERT INTO ANA_OBJECT (obj_oid , obj_creation_datetime, obj_creator_fk) VALUES (33573, NOW(), NULL);
INSERT INTO ANA_OBJECT (obj_oid , obj_creation_datetime, obj_creator_fk) VALUES (33574, NOW(), NULL);
INSERT INTO ANA_OBJECT (obj_oid , obj_creation_datetime, obj_creator_fk) VALUES (33575, NOW(), NULL);
INSERT INTO ANA_OBJECT (obj_oid , obj_creation_datetime, obj_creator_fk) VALUES (33576, NOW(), NULL);
INSERT INTO ANA_OBJECT (obj_oid , obj_creation_datetime, obj_creator_fk) VALUES (33577, NOW(), NULL);
INSERT INTO ANA_OBJECT (obj_oid , obj_creation_datetime, obj_creator_fk) VALUES (33578, NOW(), NULL);
INSERT INTO ANA_OBJECT (obj_oid , obj_creation_datetime, obj_creator_fk) VALUES (33579, NOW(), NULL);
INSERT INTO ANA_OBJECT (obj_oid , obj_creation_datetime, obj_creator_fk) VALUES (33580, NOW(), NULL);
INSERT INTO ANA_OBJECT (obj_oid , obj_creation_datetime, obj_creator_fk) VALUES (33581, NOW(), NULL);
INSERT INTO ANA_OBJECT (obj_oid , obj_creation_datetime, obj_creator_fk) VALUES (33582, NOW(), NULL);
INSERT INTO ANA_OBJECT (obj_oid , obj_creation_datetime, obj_creator_fk) VALUES (33583, NOW(), NULL);
INSERT INTO ANA_OBJECT (obj_oid , obj_creation_datetime, obj_creator_fk) VALUES (33584, NOW(), NULL);
INSERT INTO ANA_OBJECT (obj_oid , obj_creation_datetime, obj_creator_fk) VALUES (33585, NOW(), NULL);
INSERT INTO ANA_OBJECT (obj_oid , obj_creation_datetime, obj_creator_fk) VALUES (33586, NOW(), NULL);
INSERT INTO ANA_OBJECT (obj_oid , obj_creation_datetime, obj_creator_fk) VALUES (33587, NOW(), NULL);
INSERT INTO ANA_OBJECT (obj_oid , obj_creation_datetime, obj_creator_fk) VALUES (33588, NOW(), NULL);
INSERT INTO ANA_OBJECT (obj_oid , obj_creation_datetime, obj_creator_fk) VALUES (33589, NOW(), NULL);
INSERT INTO ANA_OBJECT (obj_oid , obj_creation_datetime, obj_creator_fk) VALUES (33590, NOW(), NULL);
INSERT INTO ANA_OBJECT (obj_oid , obj_creation_datetime, obj_creator_fk) VALUES (33591, NOW(), NULL);
INSERT INTO ANA_OBJECT (obj_oid , obj_creation_datetime, obj_creator_fk) VALUES (33592, NOW(), NULL);
INSERT INTO ANA_OBJECT (obj_oid , obj_creation_datetime, obj_creator_fk) VALUES (33593, NOW(), NULL);
INSERT INTO ANA_OBJECT (obj_oid , obj_creation_datetime, obj_creator_fk) VALUES (33594, NOW(), NULL);
INSERT INTO ANA_OBJECT (obj_oid , obj_creation_datetime, obj_creator_fk) VALUES (33595, NOW(), NULL);
INSERT INTO ANA_OBJECT (obj_oid , obj_creation_datetime, obj_creator_fk) VALUES (33596, NOW(), NULL);
INSERT INTO ANA_OBJECT (obj_oid , obj_creation_datetime, obj_creator_fk) VALUES (33597, NOW(), NULL);
INSERT INTO ANA_OBJECT (obj_oid , obj_creation_datetime, obj_creator_fk) VALUES (33598, NOW(), NULL);

-- Inserting New Components --

INSERT INTO ANA_NODE (ano_oid, ano_species_fk, ano_component_name, ano_is_primary, ano_is_group, ano_public_id, ano_description) VALUES (33542, 'mouse', 'basal cell layer of bladder', 1, 0, 'EMAPA:32258', NULL);
INSERT INTO ANA_NODE (ano_oid, ano_species_fk, ano_component_name, ano_is_primary, ano_is_group, ano_public_id, ano_description) VALUES (33543, 'mouse', 'superficial cell layer of bladder', 1, 0, 'EMAPA:32259', NULL);
INSERT INTO ANA_NODE (ano_oid, ano_species_fk, ano_component_name, ano_is_primary, ano_is_group, ano_public_id, ano_description) VALUES (33544, 'mouse', 'submucosa of fundus', 1, 0, 'EMAPA:32260', NULL);
INSERT INTO ANA_NODE (ano_oid, ano_species_fk, ano_component_name, ano_is_primary, ano_is_group, ano_public_id, ano_description) VALUES (33545, 'mouse', 'submucosa of bladder', 1, 0, 'EMAPA:32261', NULL);
INSERT INTO ANA_NODE (ano_oid, ano_species_fk, ano_component_name, ano_is_primary, ano_is_group, ano_public_id, ano_description) VALUES (33546, 'mouse', 'submucosa of neck', 1, 0, 'EMAPA:32262', NULL);
INSERT INTO ANA_NODE (ano_oid, ano_species_fk, ano_component_name, ano_is_primary, ano_is_group, ano_public_id, ano_description) VALUES (33547, 'mouse', 'submucosa of trigone', 1, 0, 'EMAPA:32263', NULL);
INSERT INTO ANA_NODE (ano_oid, ano_species_fk, ano_component_name, ano_is_primary, ano_is_group, ano_public_id, ano_description) VALUES (33548, 'mouse', 'intermediate cell layer of ventral pelvic urethra of female', 1, 0, 'EMAPA:32264', NULL);
INSERT INTO ANA_NODE (ano_oid, ano_species_fk, ano_component_name, ano_is_primary, ano_is_group, ano_public_id, ano_description) VALUES (33549, 'mouse', 'intermediate cell layer of dorsal pelvic urethra of female', 1, 0, 'EMAPA:32265', NULL);
INSERT INTO ANA_NODE (ano_oid, ano_species_fk, ano_component_name, ano_is_primary, ano_is_group, ano_public_id, ano_description) VALUES (33550, 'mouse', 'intermediate cell layer of dorsal pelvic urethra of male', 1, 0, 'EMAPA:32266', NULL);
INSERT INTO ANA_NODE (ano_oid, ano_species_fk, ano_component_name, ano_is_primary, ano_is_group, ano_public_id, ano_description) VALUES (33551, 'mouse', 'submucosa of ventral pelvic urethra of female', 1, 0, 'EMAPA:32267', NULL);
INSERT INTO ANA_NODE (ano_oid, ano_species_fk, ano_component_name, ano_is_primary, ano_is_group, ano_public_id, ano_description) VALUES (33552, 'mouse', 'muscularis mucosa of ventral pelvic urethra of female', 1, 0, 'EMAPA:32268', NULL);
INSERT INTO ANA_NODE (ano_oid, ano_species_fk, ano_component_name, ano_is_primary, ano_is_group, ano_public_id, ano_description) VALUES (33553, 'mouse', 'lamina propria of ventral pelvic urethra of female', 1, 0, 'EMAPA:32269', NULL);
INSERT INTO ANA_NODE (ano_oid, ano_species_fk, ano_component_name, ano_is_primary, ano_is_group, ano_public_id, ano_description) VALUES (33554, 'mouse', 'muscularis mucosa of dorsal pelvic urethra of male', 1, 0, 'EMAPA:32270', NULL);
INSERT INTO ANA_NODE (ano_oid, ano_species_fk, ano_component_name, ano_is_primary, ano_is_group, ano_public_id, ano_description) VALUES (33555, 'mouse', 'lamina propria of dorsal pelvic urethra of male', 1, 0, 'EMAPA:32271', NULL);
INSERT INTO ANA_NODE (ano_oid, ano_species_fk, ano_component_name, ano_is_primary, ano_is_group, ano_public_id, ano_description) VALUES (33556, 'mouse', 'intermediate cell layer of ventral pelvic urethra of male', 1, 0, 'EMAPA:32272', NULL);
INSERT INTO ANA_NODE (ano_oid, ano_species_fk, ano_component_name, ano_is_primary, ano_is_group, ano_public_id, ano_description) VALUES (33557, 'mouse', 'submucosa of dorsal pelvic urethra of female', 1, 0, 'EMAPA:32273', NULL);
INSERT INTO ANA_NODE (ano_oid, ano_species_fk, ano_component_name, ano_is_primary, ano_is_group, ano_public_id, ano_description) VALUES (33558, 'mouse', 'muscularis mucosa of dorsal pelvic urethra of female', 1, 0, 'EMAPA:32274', NULL);
INSERT INTO ANA_NODE (ano_oid, ano_species_fk, ano_component_name, ano_is_primary, ano_is_group, ano_public_id, ano_description) VALUES (33559, 'mouse', 'lamina propria of dorsal pelvic urethra of female', 1, 0, 'EMAPA:32275', NULL);
INSERT INTO ANA_NODE (ano_oid, ano_species_fk, ano_component_name, ano_is_primary, ano_is_group, ano_public_id, ano_description) VALUES (33560, 'mouse', 'submucosa of dorsal pelvic urethra of male', 1, 0, 'EMAPA:32276', NULL);
INSERT INTO ANA_NODE (ano_oid, ano_species_fk, ano_component_name, ano_is_primary, ano_is_group, ano_public_id, ano_description) VALUES (33561, 'mouse', 'lamina propria of ventral pelvic urethra of male', 1, 0, 'EMAPA:32277', NULL);
INSERT INTO ANA_NODE (ano_oid, ano_species_fk, ano_component_name, ano_is_primary, ano_is_group, ano_public_id, ano_description) VALUES (33562, 'mouse', 'muscularis mucosa of ventral pelvic urethra of male', 1, 0, 'EMAPA:32278', NULL);
INSERT INTO ANA_NODE (ano_oid, ano_species_fk, ano_component_name, ano_is_primary, ano_is_group, ano_public_id, ano_description) VALUES (33563, 'mouse', 'submucosa of ventral urethra of male', 1, 0, 'EMAPA:32279', NULL);
INSERT INTO ANA_NODE (ano_oid, ano_species_fk, ano_component_name, ano_is_primary, ano_is_group, ano_public_id, ano_description) VALUES (33564, 'mouse', 'intermediate cell layer of prostatic urethra', 1, 0, 'EMAPA:32280', NULL);
INSERT INTO ANA_NODE (ano_oid, ano_species_fk, ano_component_name, ano_is_primary, ano_is_group, ano_public_id, ano_description) VALUES (33565, 'mouse', 'lamina propria of prostatic urethra', 1, 0, 'EMAPA:32281', NULL);
INSERT INTO ANA_NODE (ano_oid, ano_species_fk, ano_component_name, ano_is_primary, ano_is_group, ano_public_id, ano_description) VALUES (33566, 'mouse', 'muscularis mucosa of prostatic urethra', 1, 0, 'EMAPA:32282', NULL);
INSERT INTO ANA_NODE (ano_oid, ano_species_fk, ano_component_name, ano_is_primary, ano_is_group, ano_public_id, ano_description) VALUES (33567, 'mouse', 'submucosa of prostatic urethra', 1, 0, 'EMAPA:32283', NULL);
INSERT INTO ANA_NODE (ano_oid, ano_species_fk, ano_component_name, ano_is_primary, ano_is_group, ano_public_id, ano_description) VALUES (33568, 'mouse', 'urothelium of dorsal pelvic urethra of male', 1, 0, 'EMAPA:32284', NULL);
INSERT INTO ANA_NODE (ano_oid, ano_species_fk, ano_component_name, ano_is_primary, ano_is_group, ano_public_id, ano_description) VALUES (33569, 'mouse', 'vasculature of pelvic urethra of female', 1, 0, 'EMAPA:32285', NULL);
INSERT INTO ANA_NODE (ano_oid, ano_species_fk, ano_component_name, ano_is_primary, ano_is_group, ano_public_id, ano_description) VALUES (33570, 'mouse', 'superficial cell layer of ventral pelvic urethra of male', 1, 0, 'EMAPA:32286', NULL);
INSERT INTO ANA_NODE (ano_oid, ano_species_fk, ano_component_name, ano_is_primary, ano_is_group, ano_public_id, ano_description) VALUES (33571, 'mouse', 'nerve of prostate gland', 1, 0, 'EMAPA:32287', NULL);
INSERT INTO ANA_NODE (ano_oid, ano_species_fk, ano_component_name, ano_is_primary, ano_is_group, ano_public_id, ano_description) VALUES (33572, 'mouse', 'neural crest derivatives of pelvic urethra of male', 1, 0, 'EMAPA:32288', NULL);
INSERT INTO ANA_NODE (ano_oid, ano_species_fk, ano_component_name, ano_is_primary, ano_is_group, ano_public_id, ano_description) VALUES (33573, 'mouse', 'urothelium of ventral pelvic urethra of female', 1, 0, 'EMAPA:32289', NULL);
INSERT INTO ANA_NODE (ano_oid, ano_species_fk, ano_component_name, ano_is_primary, ano_is_group, ano_public_id, ano_description) VALUES (33574, 'mouse', 'basal cell layer of ventral pelvic urethra of female', 1, 0, 'EMAPA:32290', NULL);
INSERT INTO ANA_NODE (ano_oid, ano_species_fk, ano_component_name, ano_is_primary, ano_is_group, ano_public_id, ano_description) VALUES (33575, 'mouse', 'superficial cell layer of ventral pelvic urethra of female', 1, 0, 'EMAPA:32291', NULL);
INSERT INTO ANA_NODE (ano_oid, ano_species_fk, ano_component_name, ano_is_primary, ano_is_group, ano_public_id, ano_description) VALUES (33576, 'mouse', 'neural crest derivatives of pelvic urethra of female', 1, 0, 'EMAPA:32292', NULL);
INSERT INTO ANA_NODE (ano_oid, ano_species_fk, ano_component_name, ano_is_primary, ano_is_group, ano_public_id, ano_description) VALUES (33577, 'mouse', 'mesenchymal pad of pelvic urethra of female', 1, 0, 'EMAPA:32293', NULL);
INSERT INTO ANA_NODE (ano_oid, ano_species_fk, ano_component_name, ano_is_primary, ano_is_group, ano_public_id, ano_description) VALUES (33578, 'mouse', 'epithelial layer of prostate gland', 1, 0, 'EMAPA:32294', NULL);
INSERT INTO ANA_NODE (ano_oid, ano_species_fk, ano_component_name, ano_is_primary, ano_is_group, ano_public_id, ano_description) VALUES (33579, 'mouse', 'muscle layer of ejaculatory duct', 1, 0, 'EMAPA:32295', NULL);
INSERT INTO ANA_NODE (ano_oid, ano_species_fk, ano_component_name, ano_is_primary, ano_is_group, ano_public_id, ano_description) VALUES (33580, 'mouse', 'mesenchymal pad of pelvic urethra of male', 1, 0, 'EMAPA:32296', NULL);
INSERT INTO ANA_NODE (ano_oid, ano_species_fk, ano_component_name, ano_is_primary, ano_is_group, ano_public_id, ano_description) VALUES (33581, 'mouse', 'peri-prostatic mesenchyme of prostate gland', 1, 0, 'EMAPA:32297', NULL);
INSERT INTO ANA_NODE (ano_oid, ano_species_fk, ano_component_name, ano_is_primary, ano_is_group, ano_public_id, ano_description) VALUES (33582, 'mouse', 'smooth muscle layer of prostatic urethra', 1, 0, 'EMAPA:32298', NULL);
INSERT INTO ANA_NODE (ano_oid, ano_species_fk, ano_component_name, ano_is_primary, ano_is_group, ano_public_id, ano_description) VALUES (33583, 'mouse', 'nerve of prostatic urethra', 1, 0, 'EMAPA:32299', NULL);
INSERT INTO ANA_NODE (ano_oid, ano_species_fk, ano_component_name, ano_is_primary, ano_is_group, ano_public_id, ano_description) VALUES (33584, 'mouse', 'superficial cell layer of dorsal pelvic urethra of female', 1, 0, 'EMAPA:32300', NULL);
INSERT INTO ANA_NODE (ano_oid, ano_species_fk, ano_component_name, ano_is_primary, ano_is_group, ano_public_id, ano_description) VALUES (33585, 'mouse', 'basal cell layer of dorsal pelvic urethra of female', 1, 0, 'EMAPA:32301', NULL);
INSERT INTO ANA_NODE (ano_oid, ano_species_fk, ano_component_name, ano_is_primary, ano_is_group, ano_public_id, ano_description) VALUES (33586, 'mouse', 'urothelium of dorsal pelvic urethra of female', 1, 0, 'EMAPA:32302', NULL);
INSERT INTO ANA_NODE (ano_oid, ano_species_fk, ano_component_name, ano_is_primary, ano_is_group, ano_public_id, ano_description) VALUES (33587, 'mouse', 'vasculature of prostatic urethra', 1, 0, 'EMAPA:32303', NULL);
INSERT INTO ANA_NODE (ano_oid, ano_species_fk, ano_component_name, ano_is_primary, ano_is_group, ano_public_id, ano_description) VALUES (33588, 'mouse', 'vasculature of pelvic urethra of male', 1, 0, 'EMAPA:32304', NULL);
INSERT INTO ANA_NODE (ano_oid, ano_species_fk, ano_component_name, ano_is_primary, ano_is_group, ano_public_id, ano_description) VALUES (33589, 'mouse', 'superficial cell layer of dorsal pelvic urethra of male', 1, 0, 'EMAPA:32305', NULL);
INSERT INTO ANA_NODE (ano_oid, ano_species_fk, ano_component_name, ano_is_primary, ano_is_group, ano_public_id, ano_description) VALUES (33590, 'mouse', 'basal cell layer of dorsal pelvic urethra of male', 1, 0, 'EMAPA:32306', NULL);
INSERT INTO ANA_NODE (ano_oid, ano_species_fk, ano_component_name, ano_is_primary, ano_is_group, ano_public_id, ano_description) VALUES (33591, 'mouse', 'basal cell layer of ventral pelvic urethra of male', 1, 0, 'EMAPA:32307', NULL);
INSERT INTO ANA_NODE (ano_oid, ano_species_fk, ano_component_name, ano_is_primary, ano_is_group, ano_public_id, ano_description) VALUES (33592, 'mouse', 'urothelium of ventral pelvic urethra of male', 1, 0, 'EMAPA:32308', NULL);
INSERT INTO ANA_NODE (ano_oid, ano_species_fk, ano_component_name, ano_is_primary, ano_is_group, ano_public_id, ano_description) VALUES (33593, 'mouse', 'mesenchymal layer of lower part of vagina', 1, 0, 'EMAPA:32309', NULL);
INSERT INTO ANA_NODE (ano_oid, ano_species_fk, ano_component_name, ano_is_primary, ano_is_group, ano_public_id, ano_description) VALUES (33594, 'mouse', 'mesenchymal layer of upper part of vagina', 1, 0, 'EMAPA:32310', NULL);
INSERT INTO ANA_NODE (ano_oid, ano_species_fk, ano_component_name, ano_is_primary, ano_is_group, ano_public_id, ano_description) VALUES (33595, 'mouse', 'superficial cell layer of prostatic urethra', 1, 0, 'EMAPA:32311', NULL);
INSERT INTO ANA_NODE (ano_oid, ano_species_fk, ano_component_name, ano_is_primary, ano_is_group, ano_public_id, ano_description) VALUES (33596, 'mouse', 'striated muscle layer of prostatic urethra', 1, 0, 'EMAPA:32312', NULL);
INSERT INTO ANA_NODE (ano_oid, ano_species_fk, ano_component_name, ano_is_primary, ano_is_group, ano_public_id, ano_description) VALUES (33597, 'mouse', 'mesenchymal layer of ejaculatory duct', 1, 0, 'EMAPA:32313', NULL);
INSERT INTO ANA_NODE (ano_oid, ano_species_fk, ano_component_name, ano_is_primary, ano_is_group, ano_public_id, ano_description) VALUES (33598, 'mouse', 'basal cell layer of prostatic urethra', 1, 0, 'EMAPA:32314', NULL);


-- ANA_RELATIONSHIP

-- ================


-- Inserting Object IDs for Adding New part-of Links --

INSERT INTO ANA_OBJECT (obj_oid , obj_creation_datetime, obj_creator_fk) VALUES (33599, NOW(), NULL);
INSERT INTO ANA_OBJECT (obj_oid , obj_creation_datetime, obj_creator_fk) VALUES (33600, NOW(), NULL);
INSERT INTO ANA_OBJECT (obj_oid , obj_creation_datetime, obj_creator_fk) VALUES (33601, NOW(), NULL);
INSERT INTO ANA_OBJECT (obj_oid , obj_creation_datetime, obj_creator_fk) VALUES (33602, NOW(), NULL);
INSERT INTO ANA_OBJECT (obj_oid , obj_creation_datetime, obj_creator_fk) VALUES (33603, NOW(), NULL);
INSERT INTO ANA_OBJECT (obj_oid , obj_creation_datetime, obj_creator_fk) VALUES (33604, NOW(), NULL);
INSERT INTO ANA_OBJECT (obj_oid , obj_creation_datetime, obj_creator_fk) VALUES (33605, NOW(), NULL);
INSERT INTO ANA_OBJECT (obj_oid , obj_creation_datetime, obj_creator_fk) VALUES (33606, NOW(), NULL);
INSERT INTO ANA_OBJECT (obj_oid , obj_creation_datetime, obj_creator_fk) VALUES (33607, NOW(), NULL);
INSERT INTO ANA_OBJECT (obj_oid , obj_creation_datetime, obj_creator_fk) VALUES (33608, NOW(), NULL);
INSERT INTO ANA_OBJECT (obj_oid , obj_creation_datetime, obj_creator_fk) VALUES (33609, NOW(), NULL);
INSERT INTO ANA_OBJECT (obj_oid , obj_creation_datetime, obj_creator_fk) VALUES (33610, NOW(), NULL);
INSERT INTO ANA_OBJECT (obj_oid , obj_creation_datetime, obj_creator_fk) VALUES (33611, NOW(), NULL);
INSERT INTO ANA_OBJECT (obj_oid , obj_creation_datetime, obj_creator_fk) VALUES (33612, NOW(), NULL);
INSERT INTO ANA_OBJECT (obj_oid , obj_creation_datetime, obj_creator_fk) VALUES (33613, NOW(), NULL);
INSERT INTO ANA_OBJECT (obj_oid , obj_creation_datetime, obj_creator_fk) VALUES (33614, NOW(), NULL);
INSERT INTO ANA_OBJECT (obj_oid , obj_creation_datetime, obj_creator_fk) VALUES (33615, NOW(), NULL);
INSERT INTO ANA_OBJECT (obj_oid , obj_creation_datetime, obj_creator_fk) VALUES (33616, NOW(), NULL);
INSERT INTO ANA_OBJECT (obj_oid , obj_creation_datetime, obj_creator_fk) VALUES (33617, NOW(), NULL);
INSERT INTO ANA_OBJECT (obj_oid , obj_creation_datetime, obj_creator_fk) VALUES (33618, NOW(), NULL);
INSERT INTO ANA_OBJECT (obj_oid , obj_creation_datetime, obj_creator_fk) VALUES (33619, NOW(), NULL);
INSERT INTO ANA_OBJECT (obj_oid , obj_creation_datetime, obj_creator_fk) VALUES (33620, NOW(), NULL);
INSERT INTO ANA_OBJECT (obj_oid , obj_creation_datetime, obj_creator_fk) VALUES (33621, NOW(), NULL);
INSERT INTO ANA_OBJECT (obj_oid , obj_creation_datetime, obj_creator_fk) VALUES (33622, NOW(), NULL);
INSERT INTO ANA_OBJECT (obj_oid , obj_creation_datetime, obj_creator_fk) VALUES (33623, NOW(), NULL);
INSERT INTO ANA_OBJECT (obj_oid , obj_creation_datetime, obj_creator_fk) VALUES (33624, NOW(), NULL);
INSERT INTO ANA_OBJECT (obj_oid , obj_creation_datetime, obj_creator_fk) VALUES (33625, NOW(), NULL);
INSERT INTO ANA_OBJECT (obj_oid , obj_creation_datetime, obj_creator_fk) VALUES (33626, NOW(), NULL);
INSERT INTO ANA_OBJECT (obj_oid , obj_creation_datetime, obj_creator_fk) VALUES (33627, NOW(), NULL);
INSERT INTO ANA_OBJECT (obj_oid , obj_creation_datetime, obj_creator_fk) VALUES (33628, NOW(), NULL);
INSERT INTO ANA_OBJECT (obj_oid , obj_creation_datetime, obj_creator_fk) VALUES (33629, NOW(), NULL);
INSERT INTO ANA_OBJECT (obj_oid , obj_creation_datetime, obj_creator_fk) VALUES (33630, NOW(), NULL);
INSERT INTO ANA_OBJECT (obj_oid , obj_creation_datetime, obj_creator_fk) VALUES (33631, NOW(), NULL);
INSERT INTO ANA_OBJECT (obj_oid , obj_creation_datetime, obj_creator_fk) VALUES (33632, NOW(), NULL);
INSERT INTO ANA_OBJECT (obj_oid , obj_creation_datetime, obj_creator_fk) VALUES (33633, NOW(), NULL);
INSERT INTO ANA_OBJECT (obj_oid , obj_creation_datetime, obj_creator_fk) VALUES (33634, NOW(), NULL);
INSERT INTO ANA_OBJECT (obj_oid , obj_creation_datetime, obj_creator_fk) VALUES (33635, NOW(), NULL);
INSERT INTO ANA_OBJECT (obj_oid , obj_creation_datetime, obj_creator_fk) VALUES (33636, NOW(), NULL);
INSERT INTO ANA_OBJECT (obj_oid , obj_creation_datetime, obj_creator_fk) VALUES (33637, NOW(), NULL);
INSERT INTO ANA_OBJECT (obj_oid , obj_creation_datetime, obj_creator_fk) VALUES (33638, NOW(), NULL);
INSERT INTO ANA_OBJECT (obj_oid , obj_creation_datetime, obj_creator_fk) VALUES (33639, NOW(), NULL);
INSERT INTO ANA_OBJECT (obj_oid , obj_creation_datetime, obj_creator_fk) VALUES (33640, NOW(), NULL);
INSERT INTO ANA_OBJECT (obj_oid , obj_creation_datetime, obj_creator_fk) VALUES (33641, NOW(), NULL);
INSERT INTO ANA_OBJECT (obj_oid , obj_creation_datetime, obj_creator_fk) VALUES (33642, NOW(), NULL);
INSERT INTO ANA_OBJECT (obj_oid , obj_creation_datetime, obj_creator_fk) VALUES (33643, NOW(), NULL);
INSERT INTO ANA_OBJECT (obj_oid , obj_creation_datetime, obj_creator_fk) VALUES (33644, NOW(), NULL);
INSERT INTO ANA_OBJECT (obj_oid , obj_creation_datetime, obj_creator_fk) VALUES (33645, NOW(), NULL);
INSERT INTO ANA_OBJECT (obj_oid , obj_creation_datetime, obj_creator_fk) VALUES (33646, NOW(), NULL);
INSERT INTO ANA_OBJECT (obj_oid , obj_creation_datetime, obj_creator_fk) VALUES (33647, NOW(), NULL);
INSERT INTO ANA_OBJECT (obj_oid , obj_creation_datetime, obj_creator_fk) VALUES (33648, NOW(), NULL);
INSERT INTO ANA_OBJECT (obj_oid , obj_creation_datetime, obj_creator_fk) VALUES (33649, NOW(), NULL);
INSERT INTO ANA_OBJECT (obj_oid , obj_creation_datetime, obj_creator_fk) VALUES (33650, NOW(), NULL);
INSERT INTO ANA_OBJECT (obj_oid , obj_creation_datetime, obj_creator_fk) VALUES (33651, NOW(), NULL);
INSERT INTO ANA_OBJECT (obj_oid , obj_creation_datetime, obj_creator_fk) VALUES (33652, NOW(), NULL);
INSERT INTO ANA_OBJECT (obj_oid , obj_creation_datetime, obj_creator_fk) VALUES (33653, NOW(), NULL);
INSERT INTO ANA_OBJECT (obj_oid , obj_creation_datetime, obj_creator_fk) VALUES (33654, NOW(), NULL);
INSERT INTO ANA_OBJECT (obj_oid , obj_creation_datetime, obj_creator_fk) VALUES (33655, NOW(), NULL);

-- Inserting Relationships --

INSERT INTO ANA_RELATIONSHIP (rel_oid, rel_relationship_type_fk, rel_child_fk, rel_parent_fk) VALUES (33599, 'part-of', 33542, 12832);
INSERT INTO ANA_RELATIONSHIP_PROJECT (rlp_oid, rlp_relationship_fk, rlp_project_fk, rlp_sequence) VALUES (14791, 33599, 'GUDMAP', 1);
INSERT INTO ANA_RELATIONSHIP_PROJECT (rlp_oid, rlp_relationship_fk, rlp_project_fk, rlp_sequence) VALUES (14792, 33599, 'EMAP', 1);
INSERT INTO ANA_RELATIONSHIP (rel_oid, rel_relationship_type_fk, rel_child_fk, rel_parent_fk) VALUES (33600, 'part-of', 33543, 12832);
INSERT INTO ANA_RELATIONSHIP_PROJECT (rlp_oid, rlp_relationship_fk, rlp_project_fk, rlp_sequence) VALUES (14793, 33600, 'GUDMAP', 0);
INSERT INTO ANA_RELATIONSHIP_PROJECT (rlp_oid, rlp_relationship_fk, rlp_project_fk, rlp_sequence) VALUES (14794, 33600, 'EMAP', 0);
INSERT INTO ANA_RELATIONSHIP (rel_oid, rel_relationship_type_fk, rel_child_fk, rel_parent_fk) VALUES (33601, 'part-of', 33544, 33545);
INSERT INTO ANA_RELATIONSHIP_PROJECT (rlp_oid, rlp_relationship_fk, rlp_project_fk, rlp_sequence) VALUES (14795, 33601, 'GUDMAP', 0);
INSERT INTO ANA_RELATIONSHIP_PROJECT (rlp_oid, rlp_relationship_fk, rlp_project_fk, rlp_sequence) VALUES (14796, 33601, 'EMAP', 0);
INSERT INTO ANA_RELATIONSHIP (rel_oid, rel_relationship_type_fk, rel_child_fk, rel_parent_fk) VALUES (33602, 'part-of', 33545, 12794);
INSERT INTO ANA_RELATIONSHIP_PROJECT (rlp_oid, rlp_relationship_fk, rlp_project_fk, rlp_sequence) VALUES (14797, 33602, 'GUDMAP', 3);
INSERT INTO ANA_RELATIONSHIP_PROJECT (rlp_oid, rlp_relationship_fk, rlp_project_fk, rlp_sequence) VALUES (14798, 33602, 'EMAP', 3);
INSERT INTO ANA_RELATIONSHIP (rel_oid, rel_relationship_type_fk, rel_child_fk, rel_parent_fk) VALUES (33603, 'part-of', 33546, 33545);
INSERT INTO ANA_RELATIONSHIP_PROJECT (rlp_oid, rlp_relationship_fk, rlp_project_fk, rlp_sequence) VALUES (14799, 33603, 'GUDMAP', 3);
INSERT INTO ANA_RELATIONSHIP_PROJECT (rlp_oid, rlp_relationship_fk, rlp_project_fk, rlp_sequence) VALUES (14800, 33603, 'EMAP', 3);
INSERT INTO ANA_RELATIONSHIP (rel_oid, rel_relationship_type_fk, rel_child_fk, rel_parent_fk) VALUES (33604, 'part-of', 33547, 33545);
INSERT INTO ANA_RELATIONSHIP_PROJECT (rlp_oid, rlp_relationship_fk, rlp_project_fk, rlp_sequence) VALUES (14801, 33604, 'GUDMAP', 3);
INSERT INTO ANA_RELATIONSHIP_PROJECT (rlp_oid, rlp_relationship_fk, rlp_project_fk, rlp_sequence) VALUES (14802, 33604, 'EMAP', 3);
INSERT INTO ANA_RELATIONSHIP (rel_oid, rel_relationship_type_fk, rel_child_fk, rel_parent_fk) VALUES (33605, 'part-of', 33548, 33573);
INSERT INTO ANA_RELATIONSHIP_PROJECT (rlp_oid, rlp_relationship_fk, rlp_project_fk, rlp_sequence) VALUES (14803, 33605, 'GUDMAP', 1);
INSERT INTO ANA_RELATIONSHIP_PROJECT (rlp_oid, rlp_relationship_fk, rlp_project_fk, rlp_sequence) VALUES (14804, 33605, 'EMAP', 1);
INSERT INTO ANA_RELATIONSHIP (rel_oid, rel_relationship_type_fk, rel_child_fk, rel_parent_fk) VALUES (33606, 'part-of', 33549, 33586);
INSERT INTO ANA_RELATIONSHIP_PROJECT (rlp_oid, rlp_relationship_fk, rlp_project_fk, rlp_sequence) VALUES (14805, 33606, 'GUDMAP', 1);
INSERT INTO ANA_RELATIONSHIP_PROJECT (rlp_oid, rlp_relationship_fk, rlp_project_fk, rlp_sequence) VALUES (14806, 33606, 'EMAP', 1);
INSERT INTO ANA_RELATIONSHIP (rel_oid, rel_relationship_type_fk, rel_child_fk, rel_parent_fk) VALUES (33607, 'part-of', 33550, 33568);
INSERT INTO ANA_RELATIONSHIP_PROJECT (rlp_oid, rlp_relationship_fk, rlp_project_fk, rlp_sequence) VALUES (14807, 33607, 'GUDMAP', 1);
INSERT INTO ANA_RELATIONSHIP_PROJECT (rlp_oid, rlp_relationship_fk, rlp_project_fk, rlp_sequence) VALUES (14808, 33607, 'EMAP', 1);
INSERT INTO ANA_RELATIONSHIP (rel_oid, rel_relationship_type_fk, rel_child_fk, rel_parent_fk) VALUES (33608, 'part-of', 33551, 32659);
INSERT INTO ANA_RELATIONSHIP_PROJECT (rlp_oid, rlp_relationship_fk, rlp_project_fk, rlp_sequence) VALUES (14809, 33608, 'GUDMAP', 2);
INSERT INTO ANA_RELATIONSHIP_PROJECT (rlp_oid, rlp_relationship_fk, rlp_project_fk, rlp_sequence) VALUES (14810, 33608, 'EMAP', 2);
INSERT INTO ANA_RELATIONSHIP (rel_oid, rel_relationship_type_fk, rel_child_fk, rel_parent_fk) VALUES (33609, 'part-of', 33552, 32659);
INSERT INTO ANA_RELATIONSHIP_PROJECT (rlp_oid, rlp_relationship_fk, rlp_project_fk, rlp_sequence) VALUES (14811, 33609, 'GUDMAP', 1);
INSERT INTO ANA_RELATIONSHIP_PROJECT (rlp_oid, rlp_relationship_fk, rlp_project_fk, rlp_sequence) VALUES (14812, 33609, 'EMAP', 1);
INSERT INTO ANA_RELATIONSHIP (rel_oid, rel_relationship_type_fk, rel_child_fk, rel_parent_fk) VALUES (33610, 'part-of', 33553, 32659);
INSERT INTO ANA_RELATIONSHIP_PROJECT (rlp_oid, rlp_relationship_fk, rlp_project_fk, rlp_sequence) VALUES (14813, 33610, 'GUDMAP', 0);
INSERT INTO ANA_RELATIONSHIP_PROJECT (rlp_oid, rlp_relationship_fk, rlp_project_fk, rlp_sequence) VALUES (14814, 33610, 'EMAP', 0);
INSERT INTO ANA_RELATIONSHIP (rel_oid, rel_relationship_type_fk, rel_child_fk, rel_parent_fk) VALUES (33611, 'part-of', 33554, 32658);
INSERT INTO ANA_RELATIONSHIP_PROJECT (rlp_oid, rlp_relationship_fk, rlp_project_fk, rlp_sequence) VALUES (14815, 33611, 'GUDMAP', 1);
INSERT INTO ANA_RELATIONSHIP_PROJECT (rlp_oid, rlp_relationship_fk, rlp_project_fk, rlp_sequence) VALUES (14816, 33611, 'EMAP', 1);
INSERT INTO ANA_RELATIONSHIP (rel_oid, rel_relationship_type_fk, rel_child_fk, rel_parent_fk) VALUES (33612, 'part-of', 33555, 32658);
INSERT INTO ANA_RELATIONSHIP_PROJECT (rlp_oid, rlp_relationship_fk, rlp_project_fk, rlp_sequence) VALUES (14817, 33612, 'GUDMAP', 0);
INSERT INTO ANA_RELATIONSHIP_PROJECT (rlp_oid, rlp_relationship_fk, rlp_project_fk, rlp_sequence) VALUES (14818, 33612, 'EMAP', 0);
INSERT INTO ANA_RELATIONSHIP (rel_oid, rel_relationship_type_fk, rel_child_fk, rel_parent_fk) VALUES (33613, 'part-of', 33556, 33592);
INSERT INTO ANA_RELATIONSHIP_PROJECT (rlp_oid, rlp_relationship_fk, rlp_project_fk, rlp_sequence) VALUES (14819, 33613, 'GUDMAP', 1);
INSERT INTO ANA_RELATIONSHIP_PROJECT (rlp_oid, rlp_relationship_fk, rlp_project_fk, rlp_sequence) VALUES (14820, 33613, 'EMAP', 1);
INSERT INTO ANA_RELATIONSHIP (rel_oid, rel_relationship_type_fk, rel_child_fk, rel_parent_fk) VALUES (33614, 'part-of', 33557, 32660);
INSERT INTO ANA_RELATIONSHIP_PROJECT (rlp_oid, rlp_relationship_fk, rlp_project_fk, rlp_sequence) VALUES (14821, 33614, 'GUDMAP', 2);
INSERT INTO ANA_RELATIONSHIP_PROJECT (rlp_oid, rlp_relationship_fk, rlp_project_fk, rlp_sequence) VALUES (14822, 33614, 'EMAP', 2);
INSERT INTO ANA_RELATIONSHIP (rel_oid, rel_relationship_type_fk, rel_child_fk, rel_parent_fk) VALUES (33615, 'part-of', 33558, 32660);
INSERT INTO ANA_RELATIONSHIP_PROJECT (rlp_oid, rlp_relationship_fk, rlp_project_fk, rlp_sequence) VALUES (14823, 33615, 'GUDMAP', 1);
INSERT INTO ANA_RELATIONSHIP_PROJECT (rlp_oid, rlp_relationship_fk, rlp_project_fk, rlp_sequence) VALUES (14824, 33615, 'EMAP', 1);
INSERT INTO ANA_RELATIONSHIP (rel_oid, rel_relationship_type_fk, rel_child_fk, rel_parent_fk) VALUES (33616, 'part-of', 33559, 32660);
INSERT INTO ANA_RELATIONSHIP_PROJECT (rlp_oid, rlp_relationship_fk, rlp_project_fk, rlp_sequence) VALUES (14825, 33616, 'GUDMAP', 0);
INSERT INTO ANA_RELATIONSHIP_PROJECT (rlp_oid, rlp_relationship_fk, rlp_project_fk, rlp_sequence) VALUES (14826, 33616, 'EMAP', 0);
INSERT INTO ANA_RELATIONSHIP (rel_oid, rel_relationship_type_fk, rel_child_fk, rel_parent_fk) VALUES (33617, 'part-of', 33560, 32658);
INSERT INTO ANA_RELATIONSHIP_PROJECT (rlp_oid, rlp_relationship_fk, rlp_project_fk, rlp_sequence) VALUES (14827, 33617, 'GUDMAP', 2);
INSERT INTO ANA_RELATIONSHIP_PROJECT (rlp_oid, rlp_relationship_fk, rlp_project_fk, rlp_sequence) VALUES (14828, 33617, 'EMAP', 2);
INSERT INTO ANA_RELATIONSHIP (rel_oid, rel_relationship_type_fk, rel_child_fk, rel_parent_fk) VALUES (33618, 'part-of', 33561, 32656);
INSERT INTO ANA_RELATIONSHIP_PROJECT (rlp_oid, rlp_relationship_fk, rlp_project_fk, rlp_sequence) VALUES (14829, 33618, 'GUDMAP', 0);
INSERT INTO ANA_RELATIONSHIP_PROJECT (rlp_oid, rlp_relationship_fk, rlp_project_fk, rlp_sequence) VALUES (14830, 33618, 'EMAP', 0);
INSERT INTO ANA_RELATIONSHIP (rel_oid, rel_relationship_type_fk, rel_child_fk, rel_parent_fk) VALUES (33619, 'part-of', 33562, 32656);
INSERT INTO ANA_RELATIONSHIP_PROJECT (rlp_oid, rlp_relationship_fk, rlp_project_fk, rlp_sequence) VALUES (14831, 33619, 'GUDMAP', 1);
INSERT INTO ANA_RELATIONSHIP_PROJECT (rlp_oid, rlp_relationship_fk, rlp_project_fk, rlp_sequence) VALUES (14832, 33619, 'EMAP', 1);
INSERT INTO ANA_RELATIONSHIP (rel_oid, rel_relationship_type_fk, rel_child_fk, rel_parent_fk) VALUES (33620, 'part-of', 33563, 32656);
INSERT INTO ANA_RELATIONSHIP_PROJECT (rlp_oid, rlp_relationship_fk, rlp_project_fk, rlp_sequence) VALUES (14833, 33620, 'GUDMAP', 2);
INSERT INTO ANA_RELATIONSHIP_PROJECT (rlp_oid, rlp_relationship_fk, rlp_project_fk, rlp_sequence) VALUES (14834, 33620, 'EMAP', 2);
INSERT INTO ANA_RELATIONSHIP (rel_oid, rel_relationship_type_fk, rel_child_fk, rel_parent_fk) VALUES (33621, 'part-of', 33564, 30142);
INSERT INTO ANA_RELATIONSHIP_PROJECT (rlp_oid, rlp_relationship_fk, rlp_project_fk, rlp_sequence) VALUES (14835, 33621, 'GUDMAP', 1);
INSERT INTO ANA_RELATIONSHIP_PROJECT (rlp_oid, rlp_relationship_fk, rlp_project_fk, rlp_sequence) VALUES (14836, 33621, 'EMAP', 1);
INSERT INTO ANA_RELATIONSHIP (rel_oid, rel_relationship_type_fk, rel_child_fk, rel_parent_fk) VALUES (33622, 'part-of', 33565, 30143);
INSERT INTO ANA_RELATIONSHIP_PROJECT (rlp_oid, rlp_relationship_fk, rlp_project_fk, rlp_sequence) VALUES (14837, 33622, 'GUDMAP', 0);
INSERT INTO ANA_RELATIONSHIP_PROJECT (rlp_oid, rlp_relationship_fk, rlp_project_fk, rlp_sequence) VALUES (14838, 33622, 'EMAP', 0);
INSERT INTO ANA_RELATIONSHIP (rel_oid, rel_relationship_type_fk, rel_child_fk, rel_parent_fk) VALUES (33623, 'part-of', 33566, 30143);
INSERT INTO ANA_RELATIONSHIP_PROJECT (rlp_oid, rlp_relationship_fk, rlp_project_fk, rlp_sequence) VALUES (14839, 33623, 'GUDMAP', 1);
INSERT INTO ANA_RELATIONSHIP_PROJECT (rlp_oid, rlp_relationship_fk, rlp_project_fk, rlp_sequence) VALUES (14840, 33623, 'EMAP', 1);
INSERT INTO ANA_RELATIONSHIP (rel_oid, rel_relationship_type_fk, rel_child_fk, rel_parent_fk) VALUES (33624, 'part-of', 33567, 30143);
INSERT INTO ANA_RELATIONSHIP_PROJECT (rlp_oid, rlp_relationship_fk, rlp_project_fk, rlp_sequence) VALUES (14841, 33624, 'GUDMAP', 2);
INSERT INTO ANA_RELATIONSHIP_PROJECT (rlp_oid, rlp_relationship_fk, rlp_project_fk, rlp_sequence) VALUES (14842, 33624, 'EMAP', 2);
INSERT INTO ANA_RELATIONSHIP (rel_oid, rel_relationship_type_fk, rel_child_fk, rel_parent_fk) VALUES (33625, 'part-of', 33568, 13170);
INSERT INTO ANA_RELATIONSHIP_PROJECT (rlp_oid, rlp_relationship_fk, rlp_project_fk, rlp_sequence) VALUES (14843, 33625, 'GUDMAP', 0);
INSERT INTO ANA_RELATIONSHIP_PROJECT (rlp_oid, rlp_relationship_fk, rlp_project_fk, rlp_sequence) VALUES (14844, 33625, 'EMAP', 0);
INSERT INTO ANA_RELATIONSHIP (rel_oid, rel_relationship_type_fk, rel_child_fk, rel_parent_fk) VALUES (33626, 'part-of', 33569, 13247);
INSERT INTO ANA_RELATIONSHIP_PROJECT (rlp_oid, rlp_relationship_fk, rlp_project_fk, rlp_sequence) VALUES (14845, 33626, 'GUDMAP', 3);
INSERT INTO ANA_RELATIONSHIP_PROJECT (rlp_oid, rlp_relationship_fk, rlp_project_fk, rlp_sequence) VALUES (14846, 33626, 'EMAP', 3);
INSERT INTO ANA_RELATIONSHIP (rel_oid, rel_relationship_type_fk, rel_child_fk, rel_parent_fk) VALUES (33627, 'part-of', 33570, 33592);
INSERT INTO ANA_RELATIONSHIP_PROJECT (rlp_oid, rlp_relationship_fk, rlp_project_fk, rlp_sequence) VALUES (14847, 33627, 'GUDMAP', 0);
INSERT INTO ANA_RELATIONSHIP_PROJECT (rlp_oid, rlp_relationship_fk, rlp_project_fk, rlp_sequence) VALUES (14848, 33627, 'EMAP', 0);
INSERT INTO ANA_RELATIONSHIP (rel_oid, rel_relationship_type_fk, rel_child_fk, rel_parent_fk) VALUES (33628, 'part-of', 33571, 31699);
INSERT INTO ANA_RELATIONSHIP_PROJECT (rlp_oid, rlp_relationship_fk, rlp_project_fk, rlp_sequence) VALUES (14849, 33628, 'GUDMAP', 7);
INSERT INTO ANA_RELATIONSHIP_PROJECT (rlp_oid, rlp_relationship_fk, rlp_project_fk, rlp_sequence) VALUES (14850, 33628, 'EMAP', 7);
INSERT INTO ANA_RELATIONSHIP (rel_oid, rel_relationship_type_fk, rel_child_fk, rel_parent_fk) VALUES (33629, 'part-of', 33572, 31667);
INSERT INTO ANA_RELATIONSHIP_PROJECT (rlp_oid, rlp_relationship_fk, rlp_project_fk, rlp_sequence) VALUES (14851, 33629, 'GUDMAP', 5);
INSERT INTO ANA_RELATIONSHIP_PROJECT (rlp_oid, rlp_relationship_fk, rlp_project_fk, rlp_sequence) VALUES (14852, 33629, 'EMAP', 5);
INSERT INTO ANA_RELATIONSHIP (rel_oid, rel_relationship_type_fk, rel_child_fk, rel_parent_fk) VALUES (33630, 'part-of', 33573, 13255);
INSERT INTO ANA_RELATIONSHIP_PROJECT (rlp_oid, rlp_relationship_fk, rlp_project_fk, rlp_sequence) VALUES (14853, 33630, 'GUDMAP', 1);
INSERT INTO ANA_RELATIONSHIP_PROJECT (rlp_oid, rlp_relationship_fk, rlp_project_fk, rlp_sequence) VALUES (14854, 33630, 'EMAP', 1);
INSERT INTO ANA_RELATIONSHIP (rel_oid, rel_relationship_type_fk, rel_child_fk, rel_parent_fk) VALUES (33631, 'part-of', 33574, 33573);
INSERT INTO ANA_RELATIONSHIP_PROJECT (rlp_oid, rlp_relationship_fk, rlp_project_fk, rlp_sequence) VALUES (14855, 33631, 'GUDMAP', 2);
INSERT INTO ANA_RELATIONSHIP_PROJECT (rlp_oid, rlp_relationship_fk, rlp_project_fk, rlp_sequence) VALUES (14856, 33631, 'EMAP', 2);
INSERT INTO ANA_RELATIONSHIP (rel_oid, rel_relationship_type_fk, rel_child_fk, rel_parent_fk) VALUES (33632, 'part-of', 33575, 33573);
INSERT INTO ANA_RELATIONSHIP_PROJECT (rlp_oid, rlp_relationship_fk, rlp_project_fk, rlp_sequence) VALUES (14857, 33632, 'GUDMAP', 0);
INSERT INTO ANA_RELATIONSHIP_PROJECT (rlp_oid, rlp_relationship_fk, rlp_project_fk, rlp_sequence) VALUES (14858, 33632, 'EMAP', 0);
INSERT INTO ANA_RELATIONSHIP (rel_oid, rel_relationship_type_fk, rel_child_fk, rel_parent_fk) VALUES (33633, 'part-of', 33576, 13247);
INSERT INTO ANA_RELATIONSHIP_PROJECT (rlp_oid, rlp_relationship_fk, rlp_project_fk, rlp_sequence) VALUES (14859, 33633, 'GUDMAP', 5);
INSERT INTO ANA_RELATIONSHIP_PROJECT (rlp_oid, rlp_relationship_fk, rlp_project_fk, rlp_sequence) VALUES (14860, 33633, 'EMAP', 5);
INSERT INTO ANA_RELATIONSHIP (rel_oid, rel_relationship_type_fk, rel_child_fk, rel_parent_fk) VALUES (33634, 'part-of', 33577, 13262);
INSERT INTO ANA_RELATIONSHIP_PROJECT (rlp_oid, rlp_relationship_fk, rlp_project_fk, rlp_sequence) VALUES (14861, 33634, 'GUDMAP', 2);
INSERT INTO ANA_RELATIONSHIP_PROJECT (rlp_oid, rlp_relationship_fk, rlp_project_fk, rlp_sequence) VALUES (14862, 33634, 'EMAP', 2);
INSERT INTO ANA_RELATIONSHIP (rel_oid, rel_relationship_type_fk, rel_child_fk, rel_parent_fk) VALUES (33635, 'part-of', 33578, 31699);
INSERT INTO ANA_RELATIONSHIP_PROJECT (rlp_oid, rlp_relationship_fk, rlp_project_fk, rlp_sequence) VALUES (14863, 33635, 'GUDMAP', 0);
INSERT INTO ANA_RELATIONSHIP_PROJECT (rlp_oid, rlp_relationship_fk, rlp_project_fk, rlp_sequence) VALUES (14864, 33635, 'EMAP', 0);
INSERT INTO ANA_RELATIONSHIP (rel_oid, rel_relationship_type_fk, rel_child_fk, rel_parent_fk) VALUES (33636, 'part-of', 33579, 13929);
INSERT INTO ANA_RELATIONSHIP_PROJECT (rlp_oid, rlp_relationship_fk, rlp_project_fk, rlp_sequence) VALUES (14865, 33636, 'GUDMAP', 2);
INSERT INTO ANA_RELATIONSHIP_PROJECT (rlp_oid, rlp_relationship_fk, rlp_project_fk, rlp_sequence) VALUES (14866, 33636, 'EMAP', 2);
INSERT INTO ANA_RELATIONSHIP (rel_oid, rel_relationship_type_fk, rel_child_fk, rel_parent_fk) VALUES (33637, 'part-of', 33580, 13177);
INSERT INTO ANA_RELATIONSHIP_PROJECT (rlp_oid, rlp_relationship_fk, rlp_project_fk, rlp_sequence) VALUES (14867, 33637, 'GUDMAP', 2);
INSERT INTO ANA_RELATIONSHIP_PROJECT (rlp_oid, rlp_relationship_fk, rlp_project_fk, rlp_sequence) VALUES (14868, 33637, 'EMAP', 2);
INSERT INTO ANA_RELATIONSHIP (rel_oid, rel_relationship_type_fk, rel_child_fk, rel_parent_fk) VALUES (33638, 'part-of', 33581, 31699);
INSERT INTO ANA_RELATIONSHIP_PROJECT (rlp_oid, rlp_relationship_fk, rlp_project_fk, rlp_sequence) VALUES (14869, 33638, 'GUDMAP', 1);
INSERT INTO ANA_RELATIONSHIP_PROJECT (rlp_oid, rlp_relationship_fk, rlp_project_fk, rlp_sequence) VALUES (14870, 33638, 'EMAP', 1);
INSERT INTO ANA_RELATIONSHIP (rel_oid, rel_relationship_type_fk, rel_child_fk, rel_parent_fk) VALUES (33639, 'part-of', 33582, 30144);
INSERT INTO ANA_RELATIONSHIP_PROJECT (rlp_oid, rlp_relationship_fk, rlp_project_fk, rlp_sequence) VALUES (14871, 33639, 'GUDMAP', 0);
INSERT INTO ANA_RELATIONSHIP_PROJECT (rlp_oid, rlp_relationship_fk, rlp_project_fk, rlp_sequence) VALUES (14872, 33639, 'EMAP', 0);
INSERT INTO ANA_RELATIONSHIP (rel_oid, rel_relationship_type_fk, rel_child_fk, rel_parent_fk) VALUES (33640, 'part-of', 33583, 30141);
INSERT INTO ANA_RELATIONSHIP_PROJECT (rlp_oid, rlp_relationship_fk, rlp_project_fk, rlp_sequence) VALUES (14873, 33640, 'GUDMAP', 4);
INSERT INTO ANA_RELATIONSHIP_PROJECT (rlp_oid, rlp_relationship_fk, rlp_project_fk, rlp_sequence) VALUES (14874, 33640, 'EMAP', 4);
INSERT INTO ANA_RELATIONSHIP (rel_oid, rel_relationship_type_fk, rel_child_fk, rel_parent_fk) VALUES (33641, 'part-of', 33584, 33586);
INSERT INTO ANA_RELATIONSHIP_PROJECT (rlp_oid, rlp_relationship_fk, rlp_project_fk, rlp_sequence) VALUES (14875, 33641, 'GUDMAP', 0);
INSERT INTO ANA_RELATIONSHIP_PROJECT (rlp_oid, rlp_relationship_fk, rlp_project_fk, rlp_sequence) VALUES (14876, 33641, 'EMAP', 0);
INSERT INTO ANA_RELATIONSHIP (rel_oid, rel_relationship_type_fk, rel_child_fk, rel_parent_fk) VALUES (33642, 'part-of', 33585, 33586);
INSERT INTO ANA_RELATIONSHIP_PROJECT (rlp_oid, rlp_relationship_fk, rlp_project_fk, rlp_sequence) VALUES (14877, 33642, 'GUDMAP', 2);
INSERT INTO ANA_RELATIONSHIP_PROJECT (rlp_oid, rlp_relationship_fk, rlp_project_fk, rlp_sequence) VALUES (14878, 33642, 'EMAP', 2);
INSERT INTO ANA_RELATIONSHIP (rel_oid, rel_relationship_type_fk, rel_child_fk, rel_parent_fk) VALUES (33643, 'part-of', 33586, 13255);
INSERT INTO ANA_RELATIONSHIP_PROJECT (rlp_oid, rlp_relationship_fk, rlp_project_fk, rlp_sequence) VALUES (14879, 33643, 'GUDMAP', 0);
INSERT INTO ANA_RELATIONSHIP_PROJECT (rlp_oid, rlp_relationship_fk, rlp_project_fk, rlp_sequence) VALUES (14880, 33643, 'EMAP', 0);
INSERT INTO ANA_RELATIONSHIP (rel_oid, rel_relationship_type_fk, rel_child_fk, rel_parent_fk) VALUES (33644, 'part-of', 33587, 30141);
INSERT INTO ANA_RELATIONSHIP_PROJECT (rlp_oid, rlp_relationship_fk, rlp_project_fk, rlp_sequence) VALUES (14881, 33644, 'GUDMAP', 3);
INSERT INTO ANA_RELATIONSHIP_PROJECT (rlp_oid, rlp_relationship_fk, rlp_project_fk, rlp_sequence) VALUES (14882, 33644, 'EMAP', 3);
INSERT INTO ANA_RELATIONSHIP (rel_oid, rel_relationship_type_fk, rel_child_fk, rel_parent_fk) VALUES (33645, 'part-of', 33588, 31667);
INSERT INTO ANA_RELATIONSHIP_PROJECT (rlp_oid, rlp_relationship_fk, rlp_project_fk, rlp_sequence) VALUES (14883, 33645, 'GUDMAP', 3);
INSERT INTO ANA_RELATIONSHIP_PROJECT (rlp_oid, rlp_relationship_fk, rlp_project_fk, rlp_sequence) VALUES (14884, 33645, 'EMAP', 3);
INSERT INTO ANA_RELATIONSHIP (rel_oid, rel_relationship_type_fk, rel_child_fk, rel_parent_fk) VALUES (33646, 'part-of', 33589, 33568);
INSERT INTO ANA_RELATIONSHIP_PROJECT (rlp_oid, rlp_relationship_fk, rlp_project_fk, rlp_sequence) VALUES (14885, 33646, 'GUDMAP', 0);
INSERT INTO ANA_RELATIONSHIP_PROJECT (rlp_oid, rlp_relationship_fk, rlp_project_fk, rlp_sequence) VALUES (14886, 33646, 'EMAP', 0);
INSERT INTO ANA_RELATIONSHIP (rel_oid, rel_relationship_type_fk, rel_child_fk, rel_parent_fk) VALUES (33647, 'part-of', 33590, 33568);
INSERT INTO ANA_RELATIONSHIP_PROJECT (rlp_oid, rlp_relationship_fk, rlp_project_fk, rlp_sequence) VALUES (14887, 33647, 'GUDMAP', 2);
INSERT INTO ANA_RELATIONSHIP_PROJECT (rlp_oid, rlp_relationship_fk, rlp_project_fk, rlp_sequence) VALUES (14888, 33647, 'EMAP', 2);
INSERT INTO ANA_RELATIONSHIP (rel_oid, rel_relationship_type_fk, rel_child_fk, rel_parent_fk) VALUES (33648, 'part-of', 33591, 33592);
INSERT INTO ANA_RELATIONSHIP_PROJECT (rlp_oid, rlp_relationship_fk, rlp_project_fk, rlp_sequence) VALUES (14889, 33648, 'GUDMAP', 2);
INSERT INTO ANA_RELATIONSHIP_PROJECT (rlp_oid, rlp_relationship_fk, rlp_project_fk, rlp_sequence) VALUES (14890, 33648, 'EMAP', 2);
INSERT INTO ANA_RELATIONSHIP (rel_oid, rel_relationship_type_fk, rel_child_fk, rel_parent_fk) VALUES (33649, 'part-of', 33592, 13170);
INSERT INTO ANA_RELATIONSHIP_PROJECT (rlp_oid, rlp_relationship_fk, rlp_project_fk, rlp_sequence) VALUES (14891, 33649, 'GUDMAP', 1);
INSERT INTO ANA_RELATIONSHIP_PROJECT (rlp_oid, rlp_relationship_fk, rlp_project_fk, rlp_sequence) VALUES (14892, 33649, 'EMAP', 1);
INSERT INTO ANA_RELATIONSHIP (rel_oid, rel_relationship_type_fk, rel_child_fk, rel_parent_fk) VALUES (33650, 'part-of', 33593, 13555);
INSERT INTO ANA_RELATIONSHIP_PROJECT (rlp_oid, rlp_relationship_fk, rlp_project_fk, rlp_sequence) VALUES (14893, 33650, 'GUDMAP', 2);
INSERT INTO ANA_RELATIONSHIP_PROJECT (rlp_oid, rlp_relationship_fk, rlp_project_fk, rlp_sequence) VALUES (14894, 33650, 'EMAP', 2);
INSERT INTO ANA_RELATIONSHIP (rel_oid, rel_relationship_type_fk, rel_child_fk, rel_parent_fk) VALUES (33651, 'part-of', 33594, 13550);
INSERT INTO ANA_RELATIONSHIP_PROJECT (rlp_oid, rlp_relationship_fk, rlp_project_fk, rlp_sequence) VALUES (14895, 33651, 'GUDMAP', 2);
INSERT INTO ANA_RELATIONSHIP_PROJECT (rlp_oid, rlp_relationship_fk, rlp_project_fk, rlp_sequence) VALUES (14896, 33651, 'EMAP', 2);
INSERT INTO ANA_RELATIONSHIP (rel_oid, rel_relationship_type_fk, rel_child_fk, rel_parent_fk) VALUES (33652, 'part-of', 33595, 30142);
INSERT INTO ANA_RELATIONSHIP_PROJECT (rlp_oid, rlp_relationship_fk, rlp_project_fk, rlp_sequence) VALUES (14897, 33652, 'GUDMAP', 0);
INSERT INTO ANA_RELATIONSHIP_PROJECT (rlp_oid, rlp_relationship_fk, rlp_project_fk, rlp_sequence) VALUES (14898, 33652, 'EMAP', 0);
INSERT INTO ANA_RELATIONSHIP (rel_oid, rel_relationship_type_fk, rel_child_fk, rel_parent_fk) VALUES (33653, 'part-of', 33596, 30144);
INSERT INTO ANA_RELATIONSHIP_PROJECT (rlp_oid, rlp_relationship_fk, rlp_project_fk, rlp_sequence) VALUES (14899, 33653, 'GUDMAP', 1);
INSERT INTO ANA_RELATIONSHIP_PROJECT (rlp_oid, rlp_relationship_fk, rlp_project_fk, rlp_sequence) VALUES (14900, 33653, 'EMAP', 1);
INSERT INTO ANA_RELATIONSHIP (rel_oid, rel_relationship_type_fk, rel_child_fk, rel_parent_fk) VALUES (33654, 'part-of', 33597, 13929);
INSERT INTO ANA_RELATIONSHIP_PROJECT (rlp_oid, rlp_relationship_fk, rlp_project_fk, rlp_sequence) VALUES (14901, 33654, 'GUDMAP', 1);
INSERT INTO ANA_RELATIONSHIP_PROJECT (rlp_oid, rlp_relationship_fk, rlp_project_fk, rlp_sequence) VALUES (14902, 33654, 'EMAP', 1);
INSERT INTO ANA_RELATIONSHIP (rel_oid, rel_relationship_type_fk, rel_child_fk, rel_parent_fk) VALUES (33655, 'part-of', 33598, 30142);
INSERT INTO ANA_RELATIONSHIP_PROJECT (rlp_oid, rlp_relationship_fk, rlp_project_fk, rlp_sequence) VALUES (14903, 33655, 'GUDMAP', 2);
INSERT INTO ANA_RELATIONSHIP_PROJECT (rlp_oid, rlp_relationship_fk, rlp_project_fk, rlp_sequence) VALUES (14904, 33655, 'EMAP', 2);


-- ANA_TIMED_NODE
-- ==============

-- Inserting Object IDs for New Timed Components --

INSERT INTO ANA_OBJECT (obj_oid , obj_creation_datetime, obj_creator_fk) VALUES (33656, NOW(), NULL);
INSERT INTO ANA_OBJECT (obj_oid , obj_creation_datetime, obj_creator_fk) VALUES (33657, NOW(), NULL);
INSERT INTO ANA_OBJECT (obj_oid , obj_creation_datetime, obj_creator_fk) VALUES (33658, NOW(), NULL);
INSERT INTO ANA_OBJECT (obj_oid , obj_creation_datetime, obj_creator_fk) VALUES (33659, NOW(), NULL);
INSERT INTO ANA_OBJECT (obj_oid , obj_creation_datetime, obj_creator_fk) VALUES (33660, NOW(), NULL);
INSERT INTO ANA_OBJECT (obj_oid , obj_creation_datetime, obj_creator_fk) VALUES (33661, NOW(), NULL);
INSERT INTO ANA_OBJECT (obj_oid , obj_creation_datetime, obj_creator_fk) VALUES (33662, NOW(), NULL);
INSERT INTO ANA_OBJECT (obj_oid , obj_creation_datetime, obj_creator_fk) VALUES (33663, NOW(), NULL);
INSERT INTO ANA_OBJECT (obj_oid , obj_creation_datetime, obj_creator_fk) VALUES (33664, NOW(), NULL);
INSERT INTO ANA_OBJECT (obj_oid , obj_creation_datetime, obj_creator_fk) VALUES (33665, NOW(), NULL);
INSERT INTO ANA_OBJECT (obj_oid , obj_creation_datetime, obj_creator_fk) VALUES (33666, NOW(), NULL);
INSERT INTO ANA_OBJECT (obj_oid , obj_creation_datetime, obj_creator_fk) VALUES (33667, NOW(), NULL);
INSERT INTO ANA_OBJECT (obj_oid , obj_creation_datetime, obj_creator_fk) VALUES (33668, NOW(), NULL);
INSERT INTO ANA_OBJECT (obj_oid , obj_creation_datetime, obj_creator_fk) VALUES (33669, NOW(), NULL);
INSERT INTO ANA_OBJECT (obj_oid , obj_creation_datetime, obj_creator_fk) VALUES (33670, NOW(), NULL);
INSERT INTO ANA_OBJECT (obj_oid , obj_creation_datetime, obj_creator_fk) VALUES (33671, NOW(), NULL);
INSERT INTO ANA_OBJECT (obj_oid , obj_creation_datetime, obj_creator_fk) VALUES (33672, NOW(), NULL);
INSERT INTO ANA_OBJECT (obj_oid , obj_creation_datetime, obj_creator_fk) VALUES (33673, NOW(), NULL);
INSERT INTO ANA_OBJECT (obj_oid , obj_creation_datetime, obj_creator_fk) VALUES (33674, NOW(), NULL);
INSERT INTO ANA_OBJECT (obj_oid , obj_creation_datetime, obj_creator_fk) VALUES (33675, NOW(), NULL);
INSERT INTO ANA_OBJECT (obj_oid , obj_creation_datetime, obj_creator_fk) VALUES (33676, NOW(), NULL);
INSERT INTO ANA_OBJECT (obj_oid , obj_creation_datetime, obj_creator_fk) VALUES (33677, NOW(), NULL);
INSERT INTO ANA_OBJECT (obj_oid , obj_creation_datetime, obj_creator_fk) VALUES (33678, NOW(), NULL);
INSERT INTO ANA_OBJECT (obj_oid , obj_creation_datetime, obj_creator_fk) VALUES (33679, NOW(), NULL);
INSERT INTO ANA_OBJECT (obj_oid , obj_creation_datetime, obj_creator_fk) VALUES (33680, NOW(), NULL);
INSERT INTO ANA_OBJECT (obj_oid , obj_creation_datetime, obj_creator_fk) VALUES (33681, NOW(), NULL);
INSERT INTO ANA_OBJECT (obj_oid , obj_creation_datetime, obj_creator_fk) VALUES (33682, NOW(), NULL);
INSERT INTO ANA_OBJECT (obj_oid , obj_creation_datetime, obj_creator_fk) VALUES (33683, NOW(), NULL);
INSERT INTO ANA_OBJECT (obj_oid , obj_creation_datetime, obj_creator_fk) VALUES (33684, NOW(), NULL);
INSERT INTO ANA_OBJECT (obj_oid , obj_creation_datetime, obj_creator_fk) VALUES (33685, NOW(), NULL);
INSERT INTO ANA_OBJECT (obj_oid , obj_creation_datetime, obj_creator_fk) VALUES (33686, NOW(), NULL);
INSERT INTO ANA_OBJECT (obj_oid , obj_creation_datetime, obj_creator_fk) VALUES (33687, NOW(), NULL);
INSERT INTO ANA_OBJECT (obj_oid , obj_creation_datetime, obj_creator_fk) VALUES (33688, NOW(), NULL);
INSERT INTO ANA_OBJECT (obj_oid , obj_creation_datetime, obj_creator_fk) VALUES (33689, NOW(), NULL);
INSERT INTO ANA_OBJECT (obj_oid , obj_creation_datetime, obj_creator_fk) VALUES (33690, NOW(), NULL);
INSERT INTO ANA_OBJECT (obj_oid , obj_creation_datetime, obj_creator_fk) VALUES (33691, NOW(), NULL);
INSERT INTO ANA_OBJECT (obj_oid , obj_creation_datetime, obj_creator_fk) VALUES (33692, NOW(), NULL);
INSERT INTO ANA_OBJECT (obj_oid , obj_creation_datetime, obj_creator_fk) VALUES (33693, NOW(), NULL);
INSERT INTO ANA_OBJECT (obj_oid , obj_creation_datetime, obj_creator_fk) VALUES (33694, NOW(), NULL);
INSERT INTO ANA_OBJECT (obj_oid , obj_creation_datetime, obj_creator_fk) VALUES (33695, NOW(), NULL);
INSERT INTO ANA_OBJECT (obj_oid , obj_creation_datetime, obj_creator_fk) VALUES (33696, NOW(), NULL);
INSERT INTO ANA_OBJECT (obj_oid , obj_creation_datetime, obj_creator_fk) VALUES (33697, NOW(), NULL);
INSERT INTO ANA_OBJECT (obj_oid , obj_creation_datetime, obj_creator_fk) VALUES (33698, NOW(), NULL);
INSERT INTO ANA_OBJECT (obj_oid , obj_creation_datetime, obj_creator_fk) VALUES (33699, NOW(), NULL);
INSERT INTO ANA_OBJECT (obj_oid , obj_creation_datetime, obj_creator_fk) VALUES (33700, NOW(), NULL);
INSERT INTO ANA_OBJECT (obj_oid , obj_creation_datetime, obj_creator_fk) VALUES (33701, NOW(), NULL);
INSERT INTO ANA_OBJECT (obj_oid , obj_creation_datetime, obj_creator_fk) VALUES (33702, NOW(), NULL);
INSERT INTO ANA_OBJECT (obj_oid , obj_creation_datetime, obj_creator_fk) VALUES (33703, NOW(), NULL);
INSERT INTO ANA_OBJECT (obj_oid , obj_creation_datetime, obj_creator_fk) VALUES (33704, NOW(), NULL);
INSERT INTO ANA_OBJECT (obj_oid , obj_creation_datetime, obj_creator_fk) VALUES (33705, NOW(), NULL);
INSERT INTO ANA_OBJECT (obj_oid , obj_creation_datetime, obj_creator_fk) VALUES (33706, NOW(), NULL);
INSERT INTO ANA_OBJECT (obj_oid , obj_creation_datetime, obj_creator_fk) VALUES (33707, NOW(), NULL);
INSERT INTO ANA_OBJECT (obj_oid , obj_creation_datetime, obj_creator_fk) VALUES (33708, NOW(), NULL);
INSERT INTO ANA_OBJECT (obj_oid , obj_creation_datetime, obj_creator_fk) VALUES (33709, NOW(), NULL);
INSERT INTO ANA_OBJECT (obj_oid , obj_creation_datetime, obj_creator_fk) VALUES (33710, NOW(), NULL);
INSERT INTO ANA_OBJECT (obj_oid , obj_creation_datetime, obj_creator_fk) VALUES (33711, NOW(), NULL);
INSERT INTO ANA_OBJECT (obj_oid , obj_creation_datetime, obj_creator_fk) VALUES (33712, NOW(), NULL);
INSERT INTO ANA_OBJECT (obj_oid , obj_creation_datetime, obj_creator_fk) VALUES (33713, NOW(), NULL);
INSERT INTO ANA_OBJECT (obj_oid , obj_creation_datetime, obj_creator_fk) VALUES (33714, NOW(), NULL);
INSERT INTO ANA_OBJECT (obj_oid , obj_creation_datetime, obj_creator_fk) VALUES (33715, NOW(), NULL);
INSERT INTO ANA_OBJECT (obj_oid , obj_creation_datetime, obj_creator_fk) VALUES (33716, NOW(), NULL);
INSERT INTO ANA_OBJECT (obj_oid , obj_creation_datetime, obj_creator_fk) VALUES (33717, NOW(), NULL);
INSERT INTO ANA_OBJECT (obj_oid , obj_creation_datetime, obj_creator_fk) VALUES (33718, NOW(), NULL);
INSERT INTO ANA_OBJECT (obj_oid , obj_creation_datetime, obj_creator_fk) VALUES (33719, NOW(), NULL);
INSERT INTO ANA_OBJECT (obj_oid , obj_creation_datetime, obj_creator_fk) VALUES (33720, NOW(), NULL);
INSERT INTO ANA_OBJECT (obj_oid , obj_creation_datetime, obj_creator_fk) VALUES (33721, NOW(), NULL);
INSERT INTO ANA_OBJECT (obj_oid , obj_creation_datetime, obj_creator_fk) VALUES (33722, NOW(), NULL);
INSERT INTO ANA_OBJECT (obj_oid , obj_creation_datetime, obj_creator_fk) VALUES (33723, NOW(), NULL);
INSERT INTO ANA_OBJECT (obj_oid , obj_creation_datetime, obj_creator_fk) VALUES (33724, NOW(), NULL);
INSERT INTO ANA_OBJECT (obj_oid , obj_creation_datetime, obj_creator_fk) VALUES (33725, NOW(), NULL);
INSERT INTO ANA_OBJECT (obj_oid , obj_creation_datetime, obj_creator_fk) VALUES (33726, NOW(), NULL);
INSERT INTO ANA_OBJECT (obj_oid , obj_creation_datetime, obj_creator_fk) VALUES (33727, NOW(), NULL);
INSERT INTO ANA_OBJECT (obj_oid , obj_creation_datetime, obj_creator_fk) VALUES (33728, NOW(), NULL);
INSERT INTO ANA_OBJECT (obj_oid , obj_creation_datetime, obj_creator_fk) VALUES (33729, NOW(), NULL);
INSERT INTO ANA_OBJECT (obj_oid , obj_creation_datetime, obj_creator_fk) VALUES (33730, NOW(), NULL);
INSERT INTO ANA_OBJECT (obj_oid , obj_creation_datetime, obj_creator_fk) VALUES (33731, NOW(), NULL);
INSERT INTO ANA_OBJECT (obj_oid , obj_creation_datetime, obj_creator_fk) VALUES (33732, NOW(), NULL);
INSERT INTO ANA_OBJECT (obj_oid , obj_creation_datetime, obj_creator_fk) VALUES (33733, NOW(), NULL);
INSERT INTO ANA_OBJECT (obj_oid , obj_creation_datetime, obj_creator_fk) VALUES (33734, NOW(), NULL);
INSERT INTO ANA_OBJECT (obj_oid , obj_creation_datetime, obj_creator_fk) VALUES (33735, NOW(), NULL);
INSERT INTO ANA_OBJECT (obj_oid , obj_creation_datetime, obj_creator_fk) VALUES (33736, NOW(), NULL);
INSERT INTO ANA_OBJECT (obj_oid , obj_creation_datetime, obj_creator_fk) VALUES (33737, NOW(), NULL);
INSERT INTO ANA_OBJECT (obj_oid , obj_creation_datetime, obj_creator_fk) VALUES (33738, NOW(), NULL);
INSERT INTO ANA_OBJECT (obj_oid , obj_creation_datetime, obj_creator_fk) VALUES (33739, NOW(), NULL);
INSERT INTO ANA_OBJECT (obj_oid , obj_creation_datetime, obj_creator_fk) VALUES (33740, NOW(), NULL);
INSERT INTO ANA_OBJECT (obj_oid , obj_creation_datetime, obj_creator_fk) VALUES (33741, NOW(), NULL);
INSERT INTO ANA_OBJECT (obj_oid , obj_creation_datetime, obj_creator_fk) VALUES (33742, NOW(), NULL);
INSERT INTO ANA_OBJECT (obj_oid , obj_creation_datetime, obj_creator_fk) VALUES (33743, NOW(), NULL);
INSERT INTO ANA_OBJECT (obj_oid , obj_creation_datetime, obj_creator_fk) VALUES (33744, NOW(), NULL);
INSERT INTO ANA_OBJECT (obj_oid , obj_creation_datetime, obj_creator_fk) VALUES (33745, NOW(), NULL);
INSERT INTO ANA_OBJECT (obj_oid , obj_creation_datetime, obj_creator_fk) VALUES (33746, NOW(), NULL);
INSERT INTO ANA_OBJECT (obj_oid , obj_creation_datetime, obj_creator_fk) VALUES (33747, NOW(), NULL);
INSERT INTO ANA_OBJECT (obj_oid , obj_creation_datetime, obj_creator_fk) VALUES (33748, NOW(), NULL);
INSERT INTO ANA_OBJECT (obj_oid , obj_creation_datetime, obj_creator_fk) VALUES (33749, NOW(), NULL);
INSERT INTO ANA_OBJECT (obj_oid , obj_creation_datetime, obj_creator_fk) VALUES (33750, NOW(), NULL);
INSERT INTO ANA_OBJECT (obj_oid , obj_creation_datetime, obj_creator_fk) VALUES (33751, NOW(), NULL);
INSERT INTO ANA_OBJECT (obj_oid , obj_creation_datetime, obj_creator_fk) VALUES (33752, NOW(), NULL);
INSERT INTO ANA_OBJECT (obj_oid , obj_creation_datetime, obj_creator_fk) VALUES (33753, NOW(), NULL);
INSERT INTO ANA_OBJECT (obj_oid , obj_creation_datetime, obj_creator_fk) VALUES (33754, NOW(), NULL);
INSERT INTO ANA_OBJECT (obj_oid , obj_creation_datetime, obj_creator_fk) VALUES (33755, NOW(), NULL);
INSERT INTO ANA_OBJECT (obj_oid , obj_creation_datetime, obj_creator_fk) VALUES (33756, NOW(), NULL);
INSERT INTO ANA_OBJECT (obj_oid , obj_creation_datetime, obj_creator_fk) VALUES (33757, NOW(), NULL);
INSERT INTO ANA_OBJECT (obj_oid , obj_creation_datetime, obj_creator_fk) VALUES (33758, NOW(), NULL);
INSERT INTO ANA_OBJECT (obj_oid , obj_creation_datetime, obj_creator_fk) VALUES (33759, NOW(), NULL);
INSERT INTO ANA_OBJECT (obj_oid , obj_creation_datetime, obj_creator_fk) VALUES (33760, NOW(), NULL);
INSERT INTO ANA_OBJECT (obj_oid , obj_creation_datetime, obj_creator_fk) VALUES (33761, NOW(), NULL);
INSERT INTO ANA_OBJECT (obj_oid , obj_creation_datetime, obj_creator_fk) VALUES (33762, NOW(), NULL);
INSERT INTO ANA_OBJECT (obj_oid , obj_creation_datetime, obj_creator_fk) VALUES (33763, NOW(), NULL);
INSERT INTO ANA_OBJECT (obj_oid , obj_creation_datetime, obj_creator_fk) VALUES (33764, NOW(), NULL);
INSERT INTO ANA_OBJECT (obj_oid , obj_creation_datetime, obj_creator_fk) VALUES (33765, NOW(), NULL);
INSERT INTO ANA_OBJECT (obj_oid , obj_creation_datetime, obj_creator_fk) VALUES (33766, NOW(), NULL);
INSERT INTO ANA_OBJECT (obj_oid , obj_creation_datetime, obj_creator_fk) VALUES (33767, NOW(), NULL);
INSERT INTO ANA_OBJECT (obj_oid , obj_creation_datetime, obj_creator_fk) VALUES (33768, NOW(), NULL);
INSERT INTO ANA_OBJECT (obj_oid , obj_creation_datetime, obj_creator_fk) VALUES (33769, NOW(), NULL);
INSERT INTO ANA_OBJECT (obj_oid , obj_creation_datetime, obj_creator_fk) VALUES (33770, NOW(), NULL);
INSERT INTO ANA_OBJECT (obj_oid , obj_creation_datetime, obj_creator_fk) VALUES (33771, NOW(), NULL);
INSERT INTO ANA_OBJECT (obj_oid , obj_creation_datetime, obj_creator_fk) VALUES (33772, NOW(), NULL);
INSERT INTO ANA_OBJECT (obj_oid , obj_creation_datetime, obj_creator_fk) VALUES (33773, NOW(), NULL);
INSERT INTO ANA_OBJECT (obj_oid , obj_creation_datetime, obj_creator_fk) VALUES (33774, NOW(), NULL);
INSERT INTO ANA_OBJECT (obj_oid , obj_creation_datetime, obj_creator_fk) VALUES (33775, NOW(), NULL);
INSERT INTO ANA_OBJECT (obj_oid , obj_creation_datetime, obj_creator_fk) VALUES (33776, NOW(), NULL);
INSERT INTO ANA_OBJECT (obj_oid , obj_creation_datetime, obj_creator_fk) VALUES (33777, NOW(), NULL);
INSERT INTO ANA_OBJECT (obj_oid , obj_creation_datetime, obj_creator_fk) VALUES (33778, NOW(), NULL);
INSERT INTO ANA_OBJECT (obj_oid , obj_creation_datetime, obj_creator_fk) VALUES (33779, NOW(), NULL);
INSERT INTO ANA_OBJECT (obj_oid , obj_creation_datetime, obj_creator_fk) VALUES (33780, NOW(), NULL);
INSERT INTO ANA_OBJECT (obj_oid , obj_creation_datetime, obj_creator_fk) VALUES (33781, NOW(), NULL);
INSERT INTO ANA_OBJECT (obj_oid , obj_creation_datetime, obj_creator_fk) VALUES (33782, NOW(), NULL);
INSERT INTO ANA_OBJECT (obj_oid , obj_creation_datetime, obj_creator_fk) VALUES (33783, NOW(), NULL);
INSERT INTO ANA_OBJECT (obj_oid , obj_creation_datetime, obj_creator_fk) VALUES (33784, NOW(), NULL);
INSERT INTO ANA_OBJECT (obj_oid , obj_creation_datetime, obj_creator_fk) VALUES (33785, NOW(), NULL);
INSERT INTO ANA_OBJECT (obj_oid , obj_creation_datetime, obj_creator_fk) VALUES (33786, NOW(), NULL);
INSERT INTO ANA_OBJECT (obj_oid , obj_creation_datetime, obj_creator_fk) VALUES (33787, NOW(), NULL);
INSERT INTO ANA_OBJECT (obj_oid , obj_creation_datetime, obj_creator_fk) VALUES (33788, NOW(), NULL);
INSERT INTO ANA_OBJECT (obj_oid , obj_creation_datetime, obj_creator_fk) VALUES (33789, NOW(), NULL);
INSERT INTO ANA_OBJECT (obj_oid , obj_creation_datetime, obj_creator_fk) VALUES (33790, NOW(), NULL);
INSERT INTO ANA_OBJECT (obj_oid , obj_creation_datetime, obj_creator_fk) VALUES (33791, NOW(), NULL);
INSERT INTO ANA_OBJECT (obj_oid , obj_creation_datetime, obj_creator_fk) VALUES (33792, NOW(), NULL);
INSERT INTO ANA_OBJECT (obj_oid , obj_creation_datetime, obj_creator_fk) VALUES (33793, NOW(), NULL);
INSERT INTO ANA_OBJECT (obj_oid , obj_creation_datetime, obj_creator_fk) VALUES (33794, NOW(), NULL);
INSERT INTO ANA_OBJECT (obj_oid , obj_creation_datetime, obj_creator_fk) VALUES (33795, NOW(), NULL);
INSERT INTO ANA_OBJECT (obj_oid , obj_creation_datetime, obj_creator_fk) VALUES (33796, NOW(), NULL);
INSERT INTO ANA_OBJECT (obj_oid , obj_creation_datetime, obj_creator_fk) VALUES (33797, NOW(), NULL);
INSERT INTO ANA_OBJECT (obj_oid , obj_creation_datetime, obj_creator_fk) VALUES (33798, NOW(), NULL);
INSERT INTO ANA_OBJECT (obj_oid , obj_creation_datetime, obj_creator_fk) VALUES (33799, NOW(), NULL);
INSERT INTO ANA_OBJECT (obj_oid , obj_creation_datetime, obj_creator_fk) VALUES (33800, NOW(), NULL);
INSERT INTO ANA_OBJECT (obj_oid , obj_creation_datetime, obj_creator_fk) VALUES (33801, NOW(), NULL);
INSERT INTO ANA_OBJECT (obj_oid , obj_creation_datetime, obj_creator_fk) VALUES (33802, NOW(), NULL);
INSERT INTO ANA_OBJECT (obj_oid , obj_creation_datetime, obj_creator_fk) VALUES (33803, NOW(), NULL);
INSERT INTO ANA_OBJECT (obj_oid , obj_creation_datetime, obj_creator_fk) VALUES (33804, NOW(), NULL);
INSERT INTO ANA_OBJECT (obj_oid , obj_creation_datetime, obj_creator_fk) VALUES (33805, NOW(), NULL);
INSERT INTO ANA_OBJECT (obj_oid , obj_creation_datetime, obj_creator_fk) VALUES (33806, NOW(), NULL);
INSERT INTO ANA_OBJECT (obj_oid , obj_creation_datetime, obj_creator_fk) VALUES (33807, NOW(), NULL);
INSERT INTO ANA_OBJECT (obj_oid , obj_creation_datetime, obj_creator_fk) VALUES (33808, NOW(), NULL);
INSERT INTO ANA_OBJECT (obj_oid , obj_creation_datetime, obj_creator_fk) VALUES (33809, NOW(), NULL);
INSERT INTO ANA_OBJECT (obj_oid , obj_creation_datetime, obj_creator_fk) VALUES (33810, NOW(), NULL);
INSERT INTO ANA_OBJECT (obj_oid , obj_creation_datetime, obj_creator_fk) VALUES (33811, NOW(), NULL);
INSERT INTO ANA_OBJECT (obj_oid , obj_creation_datetime, obj_creator_fk) VALUES (33812, NOW(), NULL);
INSERT INTO ANA_OBJECT (obj_oid , obj_creation_datetime, obj_creator_fk) VALUES (33813, NOW(), NULL);
INSERT INTO ANA_OBJECT (obj_oid , obj_creation_datetime, obj_creator_fk) VALUES (33814, NOW(), NULL);
INSERT INTO ANA_OBJECT (obj_oid , obj_creation_datetime, obj_creator_fk) VALUES (33815, NOW(), NULL);
INSERT INTO ANA_OBJECT (obj_oid , obj_creation_datetime, obj_creator_fk) VALUES (33816, NOW(), NULL);
INSERT INTO ANA_OBJECT (obj_oid , obj_creation_datetime, obj_creator_fk) VALUES (33817, NOW(), NULL);
INSERT INTO ANA_OBJECT (obj_oid , obj_creation_datetime, obj_creator_fk) VALUES (33818, NOW(), NULL);
INSERT INTO ANA_OBJECT (obj_oid , obj_creation_datetime, obj_creator_fk) VALUES (33819, NOW(), NULL);
INSERT INTO ANA_OBJECT (obj_oid , obj_creation_datetime, obj_creator_fk) VALUES (33820, NOW(), NULL);
INSERT INTO ANA_OBJECT (obj_oid , obj_creation_datetime, obj_creator_fk) VALUES (33821, NOW(), NULL);
INSERT INTO ANA_OBJECT (obj_oid , obj_creation_datetime, obj_creator_fk) VALUES (33822, NOW(), NULL);
INSERT INTO ANA_OBJECT (obj_oid , obj_creation_datetime, obj_creator_fk) VALUES (33823, NOW(), NULL);
INSERT INTO ANA_OBJECT (obj_oid , obj_creation_datetime, obj_creator_fk) VALUES (33824, NOW(), NULL);
INSERT INTO ANA_OBJECT (obj_oid , obj_creation_datetime, obj_creator_fk) VALUES (33825, NOW(), NULL);
INSERT INTO ANA_OBJECT (obj_oid , obj_creation_datetime, obj_creator_fk) VALUES (33826, NOW(), NULL);
INSERT INTO ANA_OBJECT (obj_oid , obj_creation_datetime, obj_creator_fk) VALUES (33827, NOW(), NULL);
INSERT INTO ANA_OBJECT (obj_oid , obj_creation_datetime, obj_creator_fk) VALUES (33828, NOW(), NULL);
INSERT INTO ANA_OBJECT (obj_oid , obj_creation_datetime, obj_creator_fk) VALUES (33829, NOW(), NULL);
INSERT INTO ANA_OBJECT (obj_oid , obj_creation_datetime, obj_creator_fk) VALUES (33830, NOW(), NULL);
INSERT INTO ANA_OBJECT (obj_oid , obj_creation_datetime, obj_creator_fk) VALUES (33831, NOW(), NULL);
INSERT INTO ANA_OBJECT (obj_oid , obj_creation_datetime, obj_creator_fk) VALUES (33832, NOW(), NULL);
INSERT INTO ANA_OBJECT (obj_oid , obj_creation_datetime, obj_creator_fk) VALUES (33833, NOW(), NULL);
INSERT INTO ANA_OBJECT (obj_oid , obj_creation_datetime, obj_creator_fk) VALUES (33834, NOW(), NULL);
INSERT INTO ANA_OBJECT (obj_oid , obj_creation_datetime, obj_creator_fk) VALUES (33835, NOW(), NULL);
INSERT INTO ANA_OBJECT (obj_oid , obj_creation_datetime, obj_creator_fk) VALUES (33836, NOW(), NULL);
INSERT INTO ANA_OBJECT (obj_oid , obj_creation_datetime, obj_creator_fk) VALUES (33837, NOW(), NULL);
INSERT INTO ANA_OBJECT (obj_oid , obj_creation_datetime, obj_creator_fk) VALUES (33838, NOW(), NULL);
INSERT INTO ANA_OBJECT (obj_oid , obj_creation_datetime, obj_creator_fk) VALUES (33839, NOW(), NULL);
INSERT INTO ANA_OBJECT (obj_oid , obj_creation_datetime, obj_creator_fk) VALUES (33840, NOW(), NULL);
INSERT INTO ANA_OBJECT (obj_oid , obj_creation_datetime, obj_creator_fk) VALUES (33841, NOW(), NULL);
INSERT INTO ANA_OBJECT (obj_oid , obj_creation_datetime, obj_creator_fk) VALUES (33842, NOW(), NULL);
INSERT INTO ANA_OBJECT (obj_oid , obj_creation_datetime, obj_creator_fk) VALUES (33843, NOW(), NULL);
INSERT INTO ANA_OBJECT (obj_oid , obj_creation_datetime, obj_creator_fk) VALUES (33844, NOW(), NULL);
INSERT INTO ANA_OBJECT (obj_oid , obj_creation_datetime, obj_creator_fk) VALUES (33845, NOW(), NULL);
INSERT INTO ANA_OBJECT (obj_oid , obj_creation_datetime, obj_creator_fk) VALUES (33846, NOW(), NULL);
INSERT INTO ANA_OBJECT (obj_oid , obj_creation_datetime, obj_creator_fk) VALUES (33847, NOW(), NULL);
INSERT INTO ANA_OBJECT (obj_oid , obj_creation_datetime, obj_creator_fk) VALUES (33848, NOW(), NULL);
INSERT INTO ANA_OBJECT (obj_oid , obj_creation_datetime, obj_creator_fk) VALUES (33849, NOW(), NULL);
INSERT INTO ANA_OBJECT (obj_oid , obj_creation_datetime, obj_creator_fk) VALUES (33850, NOW(), NULL);
INSERT INTO ANA_OBJECT (obj_oid , obj_creation_datetime, obj_creator_fk) VALUES (33851, NOW(), NULL);
INSERT INTO ANA_OBJECT (obj_oid , obj_creation_datetime, obj_creator_fk) VALUES (33852, NOW(), NULL);
INSERT INTO ANA_OBJECT (obj_oid , obj_creation_datetime, obj_creator_fk) VALUES (33853, NOW(), NULL);
INSERT INTO ANA_OBJECT (obj_oid , obj_creation_datetime, obj_creator_fk) VALUES (33854, NOW(), NULL);
INSERT INTO ANA_OBJECT (obj_oid , obj_creation_datetime, obj_creator_fk) VALUES (33855, NOW(), NULL);
INSERT INTO ANA_OBJECT (obj_oid , obj_creation_datetime, obj_creator_fk) VALUES (33856, NOW(), NULL);
INSERT INTO ANA_OBJECT (obj_oid , obj_creation_datetime, obj_creator_fk) VALUES (33857, NOW(), NULL);
INSERT INTO ANA_OBJECT (obj_oid , obj_creation_datetime, obj_creator_fk) VALUES (33858, NOW(), NULL);
INSERT INTO ANA_OBJECT (obj_oid , obj_creation_datetime, obj_creator_fk) VALUES (33859, NOW(), NULL);
INSERT INTO ANA_OBJECT (obj_oid , obj_creation_datetime, obj_creator_fk) VALUES (33860, NOW(), NULL);
INSERT INTO ANA_OBJECT (obj_oid , obj_creation_datetime, obj_creator_fk) VALUES (33861, NOW(), NULL);
INSERT INTO ANA_OBJECT (obj_oid , obj_creation_datetime, obj_creator_fk) VALUES (33862, NOW(), NULL);
INSERT INTO ANA_OBJECT (obj_oid , obj_creation_datetime, obj_creator_fk) VALUES (33863, NOW(), NULL);
INSERT INTO ANA_OBJECT (obj_oid , obj_creation_datetime, obj_creator_fk) VALUES (33864, NOW(), NULL);
INSERT INTO ANA_OBJECT (obj_oid , obj_creation_datetime, obj_creator_fk) VALUES (33865, NOW(), NULL);
INSERT INTO ANA_OBJECT (obj_oid , obj_creation_datetime, obj_creator_fk) VALUES (33866, NOW(), NULL);
INSERT INTO ANA_OBJECT (obj_oid , obj_creation_datetime, obj_creator_fk) VALUES (33867, NOW(), NULL);
INSERT INTO ANA_OBJECT (obj_oid , obj_creation_datetime, obj_creator_fk) VALUES (33868, NOW(), NULL);
INSERT INTO ANA_OBJECT (obj_oid , obj_creation_datetime, obj_creator_fk) VALUES (33869, NOW(), NULL);
INSERT INTO ANA_OBJECT (obj_oid , obj_creation_datetime, obj_creator_fk) VALUES (33870, NOW(), NULL);
INSERT INTO ANA_OBJECT (obj_oid , obj_creation_datetime, obj_creator_fk) VALUES (33871, NOW(), NULL);
INSERT INTO ANA_OBJECT (obj_oid , obj_creation_datetime, obj_creator_fk) VALUES (33872, NOW(), NULL);
INSERT INTO ANA_OBJECT (obj_oid , obj_creation_datetime, obj_creator_fk) VALUES (33873, NOW(), NULL);
INSERT INTO ANA_OBJECT (obj_oid , obj_creation_datetime, obj_creator_fk) VALUES (33874, NOW(), NULL);
INSERT INTO ANA_OBJECT (obj_oid , obj_creation_datetime, obj_creator_fk) VALUES (33875, NOW(), NULL);
INSERT INTO ANA_OBJECT (obj_oid , obj_creation_datetime, obj_creator_fk) VALUES (33876, NOW(), NULL);
INSERT INTO ANA_OBJECT (obj_oid , obj_creation_datetime, obj_creator_fk) VALUES (33877, NOW(), NULL);
INSERT INTO ANA_OBJECT (obj_oid , obj_creation_datetime, obj_creator_fk) VALUES (33878, NOW(), NULL);
INSERT INTO ANA_OBJECT (obj_oid , obj_creation_datetime, obj_creator_fk) VALUES (33879, NOW(), NULL);
INSERT INTO ANA_OBJECT (obj_oid , obj_creation_datetime, obj_creator_fk) VALUES (33880, NOW(), NULL);
INSERT INTO ANA_OBJECT (obj_oid , obj_creation_datetime, obj_creator_fk) VALUES (33881, NOW(), NULL);
INSERT INTO ANA_OBJECT (obj_oid , obj_creation_datetime, obj_creator_fk) VALUES (33882, NOW(), NULL);
INSERT INTO ANA_OBJECT (obj_oid , obj_creation_datetime, obj_creator_fk) VALUES (33883, NOW(), NULL);
INSERT INTO ANA_OBJECT (obj_oid , obj_creation_datetime, obj_creator_fk) VALUES (33884, NOW(), NULL);
INSERT INTO ANA_OBJECT (obj_oid , obj_creation_datetime, obj_creator_fk) VALUES (33885, NOW(), NULL);
INSERT INTO ANA_OBJECT (obj_oid , obj_creation_datetime, obj_creator_fk) VALUES (33886, NOW(), NULL);
INSERT INTO ANA_OBJECT (obj_oid , obj_creation_datetime, obj_creator_fk) VALUES (33887, NOW(), NULL);
INSERT INTO ANA_OBJECT (obj_oid , obj_creation_datetime, obj_creator_fk) VALUES (33888, NOW(), NULL);
INSERT INTO ANA_OBJECT (obj_oid , obj_creation_datetime, obj_creator_fk) VALUES (33889, NOW(), NULL);
INSERT INTO ANA_OBJECT (obj_oid , obj_creation_datetime, obj_creator_fk) VALUES (33890, NOW(), NULL);
INSERT INTO ANA_OBJECT (obj_oid , obj_creation_datetime, obj_creator_fk) VALUES (33891, NOW(), NULL);
INSERT INTO ANA_OBJECT (obj_oid , obj_creation_datetime, obj_creator_fk) VALUES (33892, NOW(), NULL);
INSERT INTO ANA_OBJECT (obj_oid , obj_creation_datetime, obj_creator_fk) VALUES (33893, NOW(), NULL);
INSERT INTO ANA_OBJECT (obj_oid , obj_creation_datetime, obj_creator_fk) VALUES (33894, NOW(), NULL);
INSERT INTO ANA_OBJECT (obj_oid , obj_creation_datetime, obj_creator_fk) VALUES (33895, NOW(), NULL);
INSERT INTO ANA_OBJECT (obj_oid , obj_creation_datetime, obj_creator_fk) VALUES (33896, NOW(), NULL);
INSERT INTO ANA_OBJECT (obj_oid , obj_creation_datetime, obj_creator_fk) VALUES (33897, NOW(), NULL);

-- Inserting Timed Components --

INSERT INTO ANA_TIMED_NODE (atn_oid, atn_node_fk, atn_stage_fk, atn_stage_modifier_fk, atn_public_id) VALUES (33656, 33542, 27, NULL, 'EMAP:32315');
INSERT INTO ANA_TIMED_NODE (atn_oid, atn_node_fk, atn_stage_fk, atn_stage_modifier_fk, atn_public_id) VALUES (33657, 33542, 28, NULL, 'EMAP:32316');
INSERT INTO ANA_TIMED_NODE (atn_oid, atn_node_fk, atn_stage_fk, atn_stage_modifier_fk, atn_public_id) VALUES (33658, 33542, 29, NULL, 'EMAP:32317');
INSERT INTO ANA_TIMED_NODE (atn_oid, atn_node_fk, atn_stage_fk, atn_stage_modifier_fk, atn_public_id) VALUES (33659, 33542, 30, NULL, 'EMAP:32318');
INSERT INTO ANA_TIMED_NODE (atn_oid, atn_node_fk, atn_stage_fk, atn_stage_modifier_fk, atn_public_id) VALUES (33660, 33542, 31, NULL, 'EMAP:32319');
INSERT INTO ANA_TIMED_NODE (atn_oid, atn_node_fk, atn_stage_fk, atn_stage_modifier_fk, atn_public_id) VALUES (33661, 33542, 30084, NULL, 'EMAP:32320');
INSERT INTO ANA_TIMED_NODE (atn_oid, atn_node_fk, atn_stage_fk, atn_stage_modifier_fk, atn_public_id) VALUES (33662, 33542, 32, NULL, 'EMAP:32321');
INSERT INTO ANA_TIMED_NODE (atn_oid, atn_node_fk, atn_stage_fk, atn_stage_modifier_fk, atn_public_id) VALUES (33663, 33543, 27, NULL, 'EMAP:32322');
INSERT INTO ANA_TIMED_NODE (atn_oid, atn_node_fk, atn_stage_fk, atn_stage_modifier_fk, atn_public_id) VALUES (33664, 33543, 28, NULL, 'EMAP:32323');
INSERT INTO ANA_TIMED_NODE (atn_oid, atn_node_fk, atn_stage_fk, atn_stage_modifier_fk, atn_public_id) VALUES (33665, 33543, 29, NULL, 'EMAP:32324');
INSERT INTO ANA_TIMED_NODE (atn_oid, atn_node_fk, atn_stage_fk, atn_stage_modifier_fk, atn_public_id) VALUES (33666, 33543, 30, NULL, 'EMAP:32325');
INSERT INTO ANA_TIMED_NODE (atn_oid, atn_node_fk, atn_stage_fk, atn_stage_modifier_fk, atn_public_id) VALUES (33667, 33543, 31, NULL, 'EMAP:32326');
INSERT INTO ANA_TIMED_NODE (atn_oid, atn_node_fk, atn_stage_fk, atn_stage_modifier_fk, atn_public_id) VALUES (33668, 33543, 30084, NULL, 'EMAP:32327');
INSERT INTO ANA_TIMED_NODE (atn_oid, atn_node_fk, atn_stage_fk, atn_stage_modifier_fk, atn_public_id) VALUES (33669, 33543, 32, NULL, 'EMAP:32328');
INSERT INTO ANA_TIMED_NODE (atn_oid, atn_node_fk, atn_stage_fk, atn_stage_modifier_fk, atn_public_id) VALUES (33670, 33544, 27, NULL, 'EMAP:32329');
INSERT INTO ANA_TIMED_NODE (atn_oid, atn_node_fk, atn_stage_fk, atn_stage_modifier_fk, atn_public_id) VALUES (33671, 33544, 28, NULL, 'EMAP:32330');
INSERT INTO ANA_TIMED_NODE (atn_oid, atn_node_fk, atn_stage_fk, atn_stage_modifier_fk, atn_public_id) VALUES (33672, 33544, 29, NULL, 'EMAP:32331');
INSERT INTO ANA_TIMED_NODE (atn_oid, atn_node_fk, atn_stage_fk, atn_stage_modifier_fk, atn_public_id) VALUES (33673, 33544, 30, NULL, 'EMAP:32332');
INSERT INTO ANA_TIMED_NODE (atn_oid, atn_node_fk, atn_stage_fk, atn_stage_modifier_fk, atn_public_id) VALUES (33674, 33544, 31, NULL, 'EMAP:32333');
INSERT INTO ANA_TIMED_NODE (atn_oid, atn_node_fk, atn_stage_fk, atn_stage_modifier_fk, atn_public_id) VALUES (33675, 33544, 30084, NULL, 'EMAP:32334');
INSERT INTO ANA_TIMED_NODE (atn_oid, atn_node_fk, atn_stage_fk, atn_stage_modifier_fk, atn_public_id) VALUES (33676, 33544, 32, NULL, 'EMAP:32335');
INSERT INTO ANA_TIMED_NODE (atn_oid, atn_node_fk, atn_stage_fk, atn_stage_modifier_fk, atn_public_id) VALUES (33677, 33545, 27, NULL, 'EMAP:32336');
INSERT INTO ANA_TIMED_NODE (atn_oid, atn_node_fk, atn_stage_fk, atn_stage_modifier_fk, atn_public_id) VALUES (33678, 33545, 28, NULL, 'EMAP:32337');
INSERT INTO ANA_TIMED_NODE (atn_oid, atn_node_fk, atn_stage_fk, atn_stage_modifier_fk, atn_public_id) VALUES (33679, 33545, 29, NULL, 'EMAP:32338');
INSERT INTO ANA_TIMED_NODE (atn_oid, atn_node_fk, atn_stage_fk, atn_stage_modifier_fk, atn_public_id) VALUES (33680, 33545, 30, NULL, 'EMAP:32339');
INSERT INTO ANA_TIMED_NODE (atn_oid, atn_node_fk, atn_stage_fk, atn_stage_modifier_fk, atn_public_id) VALUES (33681, 33545, 31, NULL, 'EMAP:32340');
INSERT INTO ANA_TIMED_NODE (atn_oid, atn_node_fk, atn_stage_fk, atn_stage_modifier_fk, atn_public_id) VALUES (33682, 33545, 30084, NULL, 'EMAP:32341');
INSERT INTO ANA_TIMED_NODE (atn_oid, atn_node_fk, atn_stage_fk, atn_stage_modifier_fk, atn_public_id) VALUES (33683, 33545, 32, NULL, 'EMAP:32342');
INSERT INTO ANA_TIMED_NODE (atn_oid, atn_node_fk, atn_stage_fk, atn_stage_modifier_fk, atn_public_id) VALUES (33684, 33546, 27, NULL, 'EMAP:32343');
INSERT INTO ANA_TIMED_NODE (atn_oid, atn_node_fk, atn_stage_fk, atn_stage_modifier_fk, atn_public_id) VALUES (33685, 33546, 28, NULL, 'EMAP:32344');
INSERT INTO ANA_TIMED_NODE (atn_oid, atn_node_fk, atn_stage_fk, atn_stage_modifier_fk, atn_public_id) VALUES (33686, 33546, 29, NULL, 'EMAP:32345');
INSERT INTO ANA_TIMED_NODE (atn_oid, atn_node_fk, atn_stage_fk, atn_stage_modifier_fk, atn_public_id) VALUES (33687, 33546, 30, NULL, 'EMAP:32346');
INSERT INTO ANA_TIMED_NODE (atn_oid, atn_node_fk, atn_stage_fk, atn_stage_modifier_fk, atn_public_id) VALUES (33688, 33546, 31, NULL, 'EMAP:32347');
INSERT INTO ANA_TIMED_NODE (atn_oid, atn_node_fk, atn_stage_fk, atn_stage_modifier_fk, atn_public_id) VALUES (33689, 33546, 30084, NULL, 'EMAP:32348');
INSERT INTO ANA_TIMED_NODE (atn_oid, atn_node_fk, atn_stage_fk, atn_stage_modifier_fk, atn_public_id) VALUES (33690, 33546, 32, NULL, 'EMAP:32349');
INSERT INTO ANA_TIMED_NODE (atn_oid, atn_node_fk, atn_stage_fk, atn_stage_modifier_fk, atn_public_id) VALUES (33691, 33547, 27, NULL, 'EMAP:32350');
INSERT INTO ANA_TIMED_NODE (atn_oid, atn_node_fk, atn_stage_fk, atn_stage_modifier_fk, atn_public_id) VALUES (33692, 33547, 28, NULL, 'EMAP:32351');
INSERT INTO ANA_TIMED_NODE (atn_oid, atn_node_fk, atn_stage_fk, atn_stage_modifier_fk, atn_public_id) VALUES (33693, 33547, 29, NULL, 'EMAP:32352');
INSERT INTO ANA_TIMED_NODE (atn_oid, atn_node_fk, atn_stage_fk, atn_stage_modifier_fk, atn_public_id) VALUES (33694, 33547, 30, NULL, 'EMAP:32353');
INSERT INTO ANA_TIMED_NODE (atn_oid, atn_node_fk, atn_stage_fk, atn_stage_modifier_fk, atn_public_id) VALUES (33695, 33547, 31, NULL, 'EMAP:32354');
INSERT INTO ANA_TIMED_NODE (atn_oid, atn_node_fk, atn_stage_fk, atn_stage_modifier_fk, atn_public_id) VALUES (33696, 33547, 30084, NULL, 'EMAP:32355');
INSERT INTO ANA_TIMED_NODE (atn_oid, atn_node_fk, atn_stage_fk, atn_stage_modifier_fk, atn_public_id) VALUES (33697, 33547, 32, NULL, 'EMAP:32356');
INSERT INTO ANA_TIMED_NODE (atn_oid, atn_node_fk, atn_stage_fk, atn_stage_modifier_fk, atn_public_id) VALUES (33698, 33548, 28, NULL, 'EMAP:32357');
INSERT INTO ANA_TIMED_NODE (atn_oid, atn_node_fk, atn_stage_fk, atn_stage_modifier_fk, atn_public_id) VALUES (33699, 33548, 29, NULL, 'EMAP:32358');
INSERT INTO ANA_TIMED_NODE (atn_oid, atn_node_fk, atn_stage_fk, atn_stage_modifier_fk, atn_public_id) VALUES (33700, 33548, 30, NULL, 'EMAP:32359');
INSERT INTO ANA_TIMED_NODE (atn_oid, atn_node_fk, atn_stage_fk, atn_stage_modifier_fk, atn_public_id) VALUES (33701, 33548, 31, NULL, 'EMAP:32360');
INSERT INTO ANA_TIMED_NODE (atn_oid, atn_node_fk, atn_stage_fk, atn_stage_modifier_fk, atn_public_id) VALUES (33702, 33548, 30084, NULL, 'EMAP:32361');
INSERT INTO ANA_TIMED_NODE (atn_oid, atn_node_fk, atn_stage_fk, atn_stage_modifier_fk, atn_public_id) VALUES (33703, 33548, 32, NULL, 'EMAP:32362');
INSERT INTO ANA_TIMED_NODE (atn_oid, atn_node_fk, atn_stage_fk, atn_stage_modifier_fk, atn_public_id) VALUES (33704, 33549, 28, NULL, 'EMAP:32363');
INSERT INTO ANA_TIMED_NODE (atn_oid, atn_node_fk, atn_stage_fk, atn_stage_modifier_fk, atn_public_id) VALUES (33705, 33549, 29, NULL, 'EMAP:32364');
INSERT INTO ANA_TIMED_NODE (atn_oid, atn_node_fk, atn_stage_fk, atn_stage_modifier_fk, atn_public_id) VALUES (33706, 33549, 30, NULL, 'EMAP:32365');
INSERT INTO ANA_TIMED_NODE (atn_oid, atn_node_fk, atn_stage_fk, atn_stage_modifier_fk, atn_public_id) VALUES (33707, 33549, 31, NULL, 'EMAP:32366');
INSERT INTO ANA_TIMED_NODE (atn_oid, atn_node_fk, atn_stage_fk, atn_stage_modifier_fk, atn_public_id) VALUES (33708, 33549, 30084, NULL, 'EMAP:32367');
INSERT INTO ANA_TIMED_NODE (atn_oid, atn_node_fk, atn_stage_fk, atn_stage_modifier_fk, atn_public_id) VALUES (33709, 33549, 32, NULL, 'EMAP:32368');
INSERT INTO ANA_TIMED_NODE (atn_oid, atn_node_fk, atn_stage_fk, atn_stage_modifier_fk, atn_public_id) VALUES (33710, 33550, 28, NULL, 'EMAP:32369');
INSERT INTO ANA_TIMED_NODE (atn_oid, atn_node_fk, atn_stage_fk, atn_stage_modifier_fk, atn_public_id) VALUES (33711, 33550, 29, NULL, 'EMAP:32370');
INSERT INTO ANA_TIMED_NODE (atn_oid, atn_node_fk, atn_stage_fk, atn_stage_modifier_fk, atn_public_id) VALUES (33712, 33550, 30, NULL, 'EMAP:32371');
INSERT INTO ANA_TIMED_NODE (atn_oid, atn_node_fk, atn_stage_fk, atn_stage_modifier_fk, atn_public_id) VALUES (33713, 33550, 31, NULL, 'EMAP:32372');
INSERT INTO ANA_TIMED_NODE (atn_oid, atn_node_fk, atn_stage_fk, atn_stage_modifier_fk, atn_public_id) VALUES (33714, 33550, 30084, NULL, 'EMAP:32373');
INSERT INTO ANA_TIMED_NODE (atn_oid, atn_node_fk, atn_stage_fk, atn_stage_modifier_fk, atn_public_id) VALUES (33715, 33550, 32, NULL, 'EMAP:32374');
INSERT INTO ANA_TIMED_NODE (atn_oid, atn_node_fk, atn_stage_fk, atn_stage_modifier_fk, atn_public_id) VALUES (33716, 33551, 30, NULL, 'EMAP:32375');
INSERT INTO ANA_TIMED_NODE (atn_oid, atn_node_fk, atn_stage_fk, atn_stage_modifier_fk, atn_public_id) VALUES (33717, 33551, 31, NULL, 'EMAP:32376');
INSERT INTO ANA_TIMED_NODE (atn_oid, atn_node_fk, atn_stage_fk, atn_stage_modifier_fk, atn_public_id) VALUES (33718, 33551, 30084, NULL, 'EMAP:32377');
INSERT INTO ANA_TIMED_NODE (atn_oid, atn_node_fk, atn_stage_fk, atn_stage_modifier_fk, atn_public_id) VALUES (33719, 33551, 32, NULL, 'EMAP:32378');
INSERT INTO ANA_TIMED_NODE (atn_oid, atn_node_fk, atn_stage_fk, atn_stage_modifier_fk, atn_public_id) VALUES (33720, 33552, 30, NULL, 'EMAP:32379');
INSERT INTO ANA_TIMED_NODE (atn_oid, atn_node_fk, atn_stage_fk, atn_stage_modifier_fk, atn_public_id) VALUES (33721, 33552, 31, NULL, 'EMAP:32380');
INSERT INTO ANA_TIMED_NODE (atn_oid, atn_node_fk, atn_stage_fk, atn_stage_modifier_fk, atn_public_id) VALUES (33722, 33552, 30084, NULL, 'EMAP:32381');
INSERT INTO ANA_TIMED_NODE (atn_oid, atn_node_fk, atn_stage_fk, atn_stage_modifier_fk, atn_public_id) VALUES (33723, 33552, 32, NULL, 'EMAP:32382');
INSERT INTO ANA_TIMED_NODE (atn_oid, atn_node_fk, atn_stage_fk, atn_stage_modifier_fk, atn_public_id) VALUES (33724, 33553, 30, NULL, 'EMAP:32383');
INSERT INTO ANA_TIMED_NODE (atn_oid, atn_node_fk, atn_stage_fk, atn_stage_modifier_fk, atn_public_id) VALUES (33725, 33553, 31, NULL, 'EMAP:32384');
INSERT INTO ANA_TIMED_NODE (atn_oid, atn_node_fk, atn_stage_fk, atn_stage_modifier_fk, atn_public_id) VALUES (33726, 33553, 30084, NULL, 'EMAP:32385');
INSERT INTO ANA_TIMED_NODE (atn_oid, atn_node_fk, atn_stage_fk, atn_stage_modifier_fk, atn_public_id) VALUES (33727, 33553, 32, NULL, 'EMAP:32386');
INSERT INTO ANA_TIMED_NODE (atn_oid, atn_node_fk, atn_stage_fk, atn_stage_modifier_fk, atn_public_id) VALUES (33728, 33554, 30, NULL, 'EMAP:32387');
INSERT INTO ANA_TIMED_NODE (atn_oid, atn_node_fk, atn_stage_fk, atn_stage_modifier_fk, atn_public_id) VALUES (33729, 33554, 31, NULL, 'EMAP:32388');
INSERT INTO ANA_TIMED_NODE (atn_oid, atn_node_fk, atn_stage_fk, atn_stage_modifier_fk, atn_public_id) VALUES (33730, 33554, 30084, NULL, 'EMAP:32389');
INSERT INTO ANA_TIMED_NODE (atn_oid, atn_node_fk, atn_stage_fk, atn_stage_modifier_fk, atn_public_id) VALUES (33731, 33554, 32, NULL, 'EMAP:32390');
INSERT INTO ANA_TIMED_NODE (atn_oid, atn_node_fk, atn_stage_fk, atn_stage_modifier_fk, atn_public_id) VALUES (33732, 33555, 30, NULL, 'EMAP:32391');
INSERT INTO ANA_TIMED_NODE (atn_oid, atn_node_fk, atn_stage_fk, atn_stage_modifier_fk, atn_public_id) VALUES (33733, 33555, 31, NULL, 'EMAP:32392');
INSERT INTO ANA_TIMED_NODE (atn_oid, atn_node_fk, atn_stage_fk, atn_stage_modifier_fk, atn_public_id) VALUES (33734, 33555, 30084, NULL, 'EMAP:32393');
INSERT INTO ANA_TIMED_NODE (atn_oid, atn_node_fk, atn_stage_fk, atn_stage_modifier_fk, atn_public_id) VALUES (33735, 33555, 32, NULL, 'EMAP:32394');
INSERT INTO ANA_TIMED_NODE (atn_oid, atn_node_fk, atn_stage_fk, atn_stage_modifier_fk, atn_public_id) VALUES (33736, 33556, 28, NULL, 'EMAP:32395');
INSERT INTO ANA_TIMED_NODE (atn_oid, atn_node_fk, atn_stage_fk, atn_stage_modifier_fk, atn_public_id) VALUES (33737, 33556, 29, NULL, 'EMAP:32396');
INSERT INTO ANA_TIMED_NODE (atn_oid, atn_node_fk, atn_stage_fk, atn_stage_modifier_fk, atn_public_id) VALUES (33738, 33556, 30, NULL, 'EMAP:32397');
INSERT INTO ANA_TIMED_NODE (atn_oid, atn_node_fk, atn_stage_fk, atn_stage_modifier_fk, atn_public_id) VALUES (33739, 33556, 31, NULL, 'EMAP:32398');
INSERT INTO ANA_TIMED_NODE (atn_oid, atn_node_fk, atn_stage_fk, atn_stage_modifier_fk, atn_public_id) VALUES (33740, 33556, 30084, NULL, 'EMAP:32399');
INSERT INTO ANA_TIMED_NODE (atn_oid, atn_node_fk, atn_stage_fk, atn_stage_modifier_fk, atn_public_id) VALUES (33741, 33556, 32, NULL, 'EMAP:32400');
INSERT INTO ANA_TIMED_NODE (atn_oid, atn_node_fk, atn_stage_fk, atn_stage_modifier_fk, atn_public_id) VALUES (33742, 33557, 30, NULL, 'EMAP:32401');
INSERT INTO ANA_TIMED_NODE (atn_oid, atn_node_fk, atn_stage_fk, atn_stage_modifier_fk, atn_public_id) VALUES (33743, 33557, 31, NULL, 'EMAP:32402');
INSERT INTO ANA_TIMED_NODE (atn_oid, atn_node_fk, atn_stage_fk, atn_stage_modifier_fk, atn_public_id) VALUES (33744, 33557, 30084, NULL, 'EMAP:32403');
INSERT INTO ANA_TIMED_NODE (atn_oid, atn_node_fk, atn_stage_fk, atn_stage_modifier_fk, atn_public_id) VALUES (33745, 33557, 32, NULL, 'EMAP:32404');
INSERT INTO ANA_TIMED_NODE (atn_oid, atn_node_fk, atn_stage_fk, atn_stage_modifier_fk, atn_public_id) VALUES (33746, 33558, 30, NULL, 'EMAP:32405');
INSERT INTO ANA_TIMED_NODE (atn_oid, atn_node_fk, atn_stage_fk, atn_stage_modifier_fk, atn_public_id) VALUES (33747, 33558, 31, NULL, 'EMAP:32406');
INSERT INTO ANA_TIMED_NODE (atn_oid, atn_node_fk, atn_stage_fk, atn_stage_modifier_fk, atn_public_id) VALUES (33748, 33558, 30084, NULL, 'EMAP:32407');
INSERT INTO ANA_TIMED_NODE (atn_oid, atn_node_fk, atn_stage_fk, atn_stage_modifier_fk, atn_public_id) VALUES (33749, 33558, 32, NULL, 'EMAP:32408');
INSERT INTO ANA_TIMED_NODE (atn_oid, atn_node_fk, atn_stage_fk, atn_stage_modifier_fk, atn_public_id) VALUES (33750, 33559, 30, NULL, 'EMAP:32409');
INSERT INTO ANA_TIMED_NODE (atn_oid, atn_node_fk, atn_stage_fk, atn_stage_modifier_fk, atn_public_id) VALUES (33751, 33559, 31, NULL, 'EMAP:32410');
INSERT INTO ANA_TIMED_NODE (atn_oid, atn_node_fk, atn_stage_fk, atn_stage_modifier_fk, atn_public_id) VALUES (33752, 33559, 30084, NULL, 'EMAP:32411');
INSERT INTO ANA_TIMED_NODE (atn_oid, atn_node_fk, atn_stage_fk, atn_stage_modifier_fk, atn_public_id) VALUES (33753, 33559, 32, NULL, 'EMAP:32412');
INSERT INTO ANA_TIMED_NODE (atn_oid, atn_node_fk, atn_stage_fk, atn_stage_modifier_fk, atn_public_id) VALUES (33754, 33560, 30, NULL, 'EMAP:32413');
INSERT INTO ANA_TIMED_NODE (atn_oid, atn_node_fk, atn_stage_fk, atn_stage_modifier_fk, atn_public_id) VALUES (33755, 33560, 31, NULL, 'EMAP:32414');
INSERT INTO ANA_TIMED_NODE (atn_oid, atn_node_fk, atn_stage_fk, atn_stage_modifier_fk, atn_public_id) VALUES (33756, 33560, 30084, NULL, 'EMAP:32415');
INSERT INTO ANA_TIMED_NODE (atn_oid, atn_node_fk, atn_stage_fk, atn_stage_modifier_fk, atn_public_id) VALUES (33757, 33560, 32, NULL, 'EMAP:32416');
INSERT INTO ANA_TIMED_NODE (atn_oid, atn_node_fk, atn_stage_fk, atn_stage_modifier_fk, atn_public_id) VALUES (33758, 33561, 30, NULL, 'EMAP:32417');
INSERT INTO ANA_TIMED_NODE (atn_oid, atn_node_fk, atn_stage_fk, atn_stage_modifier_fk, atn_public_id) VALUES (33759, 33561, 31, NULL, 'EMAP:32418');
INSERT INTO ANA_TIMED_NODE (atn_oid, atn_node_fk, atn_stage_fk, atn_stage_modifier_fk, atn_public_id) VALUES (33760, 33561, 30084, NULL, 'EMAP:32419');
INSERT INTO ANA_TIMED_NODE (atn_oid, atn_node_fk, atn_stage_fk, atn_stage_modifier_fk, atn_public_id) VALUES (33761, 33561, 32, NULL, 'EMAP:32420');
INSERT INTO ANA_TIMED_NODE (atn_oid, atn_node_fk, atn_stage_fk, atn_stage_modifier_fk, atn_public_id) VALUES (33762, 33562, 30, NULL, 'EMAP:32421');
INSERT INTO ANA_TIMED_NODE (atn_oid, atn_node_fk, atn_stage_fk, atn_stage_modifier_fk, atn_public_id) VALUES (33763, 33562, 31, NULL, 'EMAP:32422');
INSERT INTO ANA_TIMED_NODE (atn_oid, atn_node_fk, atn_stage_fk, atn_stage_modifier_fk, atn_public_id) VALUES (33764, 33562, 30084, NULL, 'EMAP:32423');
INSERT INTO ANA_TIMED_NODE (atn_oid, atn_node_fk, atn_stage_fk, atn_stage_modifier_fk, atn_public_id) VALUES (33765, 33562, 32, NULL, 'EMAP:32424');
INSERT INTO ANA_TIMED_NODE (atn_oid, atn_node_fk, atn_stage_fk, atn_stage_modifier_fk, atn_public_id) VALUES (33766, 33563, 30, NULL, 'EMAP:32425');
INSERT INTO ANA_TIMED_NODE (atn_oid, atn_node_fk, atn_stage_fk, atn_stage_modifier_fk, atn_public_id) VALUES (33767, 33563, 31, NULL, 'EMAP:32426');
INSERT INTO ANA_TIMED_NODE (atn_oid, atn_node_fk, atn_stage_fk, atn_stage_modifier_fk, atn_public_id) VALUES (33768, 33563, 30084, NULL, 'EMAP:32427');
INSERT INTO ANA_TIMED_NODE (atn_oid, atn_node_fk, atn_stage_fk, atn_stage_modifier_fk, atn_public_id) VALUES (33769, 33563, 32, NULL, 'EMAP:32428');
INSERT INTO ANA_TIMED_NODE (atn_oid, atn_node_fk, atn_stage_fk, atn_stage_modifier_fk, atn_public_id) VALUES (33770, 33564, 32, NULL, 'EMAP:32429');
INSERT INTO ANA_TIMED_NODE (atn_oid, atn_node_fk, atn_stage_fk, atn_stage_modifier_fk, atn_public_id) VALUES (33771, 33565, 32, NULL, 'EMAP:32430');
INSERT INTO ANA_TIMED_NODE (atn_oid, atn_node_fk, atn_stage_fk, atn_stage_modifier_fk, atn_public_id) VALUES (33772, 33566, 32, NULL, 'EMAP:32431');
INSERT INTO ANA_TIMED_NODE (atn_oid, atn_node_fk, atn_stage_fk, atn_stage_modifier_fk, atn_public_id) VALUES (33773, 33567, 32, NULL, 'EMAP:32432');
INSERT INTO ANA_TIMED_NODE (atn_oid, atn_node_fk, atn_stage_fk, atn_stage_modifier_fk, atn_public_id) VALUES (33774, 33568, 28, NULL, 'EMAP:32433');
INSERT INTO ANA_TIMED_NODE (atn_oid, atn_node_fk, atn_stage_fk, atn_stage_modifier_fk, atn_public_id) VALUES (33775, 33568, 29, NULL, 'EMAP:32434');
INSERT INTO ANA_TIMED_NODE (atn_oid, atn_node_fk, atn_stage_fk, atn_stage_modifier_fk, atn_public_id) VALUES (33776, 33568, 30, NULL, 'EMAP:32435');
INSERT INTO ANA_TIMED_NODE (atn_oid, atn_node_fk, atn_stage_fk, atn_stage_modifier_fk, atn_public_id) VALUES (33777, 33568, 31, NULL, 'EMAP:32436');
INSERT INTO ANA_TIMED_NODE (atn_oid, atn_node_fk, atn_stage_fk, atn_stage_modifier_fk, atn_public_id) VALUES (33778, 33568, 30084, NULL, 'EMAP:32437');
INSERT INTO ANA_TIMED_NODE (atn_oid, atn_node_fk, atn_stage_fk, atn_stage_modifier_fk, atn_public_id) VALUES (33779, 33568, 32, NULL, 'EMAP:32438');
INSERT INTO ANA_TIMED_NODE (atn_oid, atn_node_fk, atn_stage_fk, atn_stage_modifier_fk, atn_public_id) VALUES (33780, 33569, 30, NULL, 'EMAP:32439');
INSERT INTO ANA_TIMED_NODE (atn_oid, atn_node_fk, atn_stage_fk, atn_stage_modifier_fk, atn_public_id) VALUES (33781, 33569, 31, NULL, 'EMAP:32440');
INSERT INTO ANA_TIMED_NODE (atn_oid, atn_node_fk, atn_stage_fk, atn_stage_modifier_fk, atn_public_id) VALUES (33782, 33569, 30084, NULL, 'EMAP:32441');
INSERT INTO ANA_TIMED_NODE (atn_oid, atn_node_fk, atn_stage_fk, atn_stage_modifier_fk, atn_public_id) VALUES (33783, 33569, 32, NULL, 'EMAP:32442');
INSERT INTO ANA_TIMED_NODE (atn_oid, atn_node_fk, atn_stage_fk, atn_stage_modifier_fk, atn_public_id) VALUES (33784, 33570, 28, NULL, 'EMAP:32443');
INSERT INTO ANA_TIMED_NODE (atn_oid, atn_node_fk, atn_stage_fk, atn_stage_modifier_fk, atn_public_id) VALUES (33785, 33570, 29, NULL, 'EMAP:32444');
INSERT INTO ANA_TIMED_NODE (atn_oid, atn_node_fk, atn_stage_fk, atn_stage_modifier_fk, atn_public_id) VALUES (33786, 33570, 30, NULL, 'EMAP:32445');
INSERT INTO ANA_TIMED_NODE (atn_oid, atn_node_fk, atn_stage_fk, atn_stage_modifier_fk, atn_public_id) VALUES (33787, 33570, 31, NULL, 'EMAP:32446');
INSERT INTO ANA_TIMED_NODE (atn_oid, atn_node_fk, atn_stage_fk, atn_stage_modifier_fk, atn_public_id) VALUES (33788, 33570, 30084, NULL, 'EMAP:32447');
INSERT INTO ANA_TIMED_NODE (atn_oid, atn_node_fk, atn_stage_fk, atn_stage_modifier_fk, atn_public_id) VALUES (33789, 33570, 32, NULL, 'EMAP:32448');
INSERT INTO ANA_TIMED_NODE (atn_oid, atn_node_fk, atn_stage_fk, atn_stage_modifier_fk, atn_public_id) VALUES (33790, 33571, 32, NULL, 'EMAP:32449');
INSERT INTO ANA_TIMED_NODE (atn_oid, atn_node_fk, atn_stage_fk, atn_stage_modifier_fk, atn_public_id) VALUES (33791, 33572, 30, NULL, 'EMAP:32450');
INSERT INTO ANA_TIMED_NODE (atn_oid, atn_node_fk, atn_stage_fk, atn_stage_modifier_fk, atn_public_id) VALUES (33792, 33572, 31, NULL, 'EMAP:32451');
INSERT INTO ANA_TIMED_NODE (atn_oid, atn_node_fk, atn_stage_fk, atn_stage_modifier_fk, atn_public_id) VALUES (33793, 33572, 30084, NULL, 'EMAP:32452');
INSERT INTO ANA_TIMED_NODE (atn_oid, atn_node_fk, atn_stage_fk, atn_stage_modifier_fk, atn_public_id) VALUES (33794, 33573, 28, NULL, 'EMAP:32453');
INSERT INTO ANA_TIMED_NODE (atn_oid, atn_node_fk, atn_stage_fk, atn_stage_modifier_fk, atn_public_id) VALUES (33795, 33573, 29, NULL, 'EMAP:32454');
INSERT INTO ANA_TIMED_NODE (atn_oid, atn_node_fk, atn_stage_fk, atn_stage_modifier_fk, atn_public_id) VALUES (33796, 33573, 30, NULL, 'EMAP:32455');
INSERT INTO ANA_TIMED_NODE (atn_oid, atn_node_fk, atn_stage_fk, atn_stage_modifier_fk, atn_public_id) VALUES (33797, 33573, 31, NULL, 'EMAP:32456');
INSERT INTO ANA_TIMED_NODE (atn_oid, atn_node_fk, atn_stage_fk, atn_stage_modifier_fk, atn_public_id) VALUES (33798, 33573, 30084, NULL, 'EMAP:32457');
INSERT INTO ANA_TIMED_NODE (atn_oid, atn_node_fk, atn_stage_fk, atn_stage_modifier_fk, atn_public_id) VALUES (33799, 33573, 32, NULL, 'EMAP:32458');
INSERT INTO ANA_TIMED_NODE (atn_oid, atn_node_fk, atn_stage_fk, atn_stage_modifier_fk, atn_public_id) VALUES (33800, 33574, 28, NULL, 'EMAP:32459');
INSERT INTO ANA_TIMED_NODE (atn_oid, atn_node_fk, atn_stage_fk, atn_stage_modifier_fk, atn_public_id) VALUES (33801, 33574, 29, NULL, 'EMAP:32460');
INSERT INTO ANA_TIMED_NODE (atn_oid, atn_node_fk, atn_stage_fk, atn_stage_modifier_fk, atn_public_id) VALUES (33802, 33574, 30, NULL, 'EMAP:32461');
INSERT INTO ANA_TIMED_NODE (atn_oid, atn_node_fk, atn_stage_fk, atn_stage_modifier_fk, atn_public_id) VALUES (33803, 33574, 31, NULL, 'EMAP:32462');
INSERT INTO ANA_TIMED_NODE (atn_oid, atn_node_fk, atn_stage_fk, atn_stage_modifier_fk, atn_public_id) VALUES (33804, 33574, 30084, NULL, 'EMAP:32463');
INSERT INTO ANA_TIMED_NODE (atn_oid, atn_node_fk, atn_stage_fk, atn_stage_modifier_fk, atn_public_id) VALUES (33805, 33574, 32, NULL, 'EMAP:32464');
INSERT INTO ANA_TIMED_NODE (atn_oid, atn_node_fk, atn_stage_fk, atn_stage_modifier_fk, atn_public_id) VALUES (33806, 33575, 28, NULL, 'EMAP:32465');
INSERT INTO ANA_TIMED_NODE (atn_oid, atn_node_fk, atn_stage_fk, atn_stage_modifier_fk, atn_public_id) VALUES (33807, 33575, 29, NULL, 'EMAP:32466');
INSERT INTO ANA_TIMED_NODE (atn_oid, atn_node_fk, atn_stage_fk, atn_stage_modifier_fk, atn_public_id) VALUES (33808, 33575, 30, NULL, 'EMAP:32467');
INSERT INTO ANA_TIMED_NODE (atn_oid, atn_node_fk, atn_stage_fk, atn_stage_modifier_fk, atn_public_id) VALUES (33809, 33575, 31, NULL, 'EMAP:32468');
INSERT INTO ANA_TIMED_NODE (atn_oid, atn_node_fk, atn_stage_fk, atn_stage_modifier_fk, atn_public_id) VALUES (33810, 33575, 30084, NULL, 'EMAP:32469');
INSERT INTO ANA_TIMED_NODE (atn_oid, atn_node_fk, atn_stage_fk, atn_stage_modifier_fk, atn_public_id) VALUES (33811, 33575, 32, NULL, 'EMAP:32470');
INSERT INTO ANA_TIMED_NODE (atn_oid, atn_node_fk, atn_stage_fk, atn_stage_modifier_fk, atn_public_id) VALUES (33812, 33576, 30, NULL, 'EMAP:32471');
INSERT INTO ANA_TIMED_NODE (atn_oid, atn_node_fk, atn_stage_fk, atn_stage_modifier_fk, atn_public_id) VALUES (33813, 33576, 31, NULL, 'EMAP:32472');
INSERT INTO ANA_TIMED_NODE (atn_oid, atn_node_fk, atn_stage_fk, atn_stage_modifier_fk, atn_public_id) VALUES (33814, 33576, 30084, NULL, 'EMAP:32473');
INSERT INTO ANA_TIMED_NODE (atn_oid, atn_node_fk, atn_stage_fk, atn_stage_modifier_fk, atn_public_id) VALUES (33815, 33577, 30, NULL, 'EMAP:32474');
INSERT INTO ANA_TIMED_NODE (atn_oid, atn_node_fk, atn_stage_fk, atn_stage_modifier_fk, atn_public_id) VALUES (33816, 33577, 31, NULL, 'EMAP:32475');
INSERT INTO ANA_TIMED_NODE (atn_oid, atn_node_fk, atn_stage_fk, atn_stage_modifier_fk, atn_public_id) VALUES (33817, 33577, 30084, NULL, 'EMAP:32476');
INSERT INTO ANA_TIMED_NODE (atn_oid, atn_node_fk, atn_stage_fk, atn_stage_modifier_fk, atn_public_id) VALUES (33818, 33578, 29, NULL, 'EMAP:32477');
INSERT INTO ANA_TIMED_NODE (atn_oid, atn_node_fk, atn_stage_fk, atn_stage_modifier_fk, atn_public_id) VALUES (33819, 33578, 30, NULL, 'EMAP:32478');
INSERT INTO ANA_TIMED_NODE (atn_oid, atn_node_fk, atn_stage_fk, atn_stage_modifier_fk, atn_public_id) VALUES (33820, 33578, 31, NULL, 'EMAP:32479');
INSERT INTO ANA_TIMED_NODE (atn_oid, atn_node_fk, atn_stage_fk, atn_stage_modifier_fk, atn_public_id) VALUES (33821, 33578, 30084, NULL, 'EMAP:32480');
INSERT INTO ANA_TIMED_NODE (atn_oid, atn_node_fk, atn_stage_fk, atn_stage_modifier_fk, atn_public_id) VALUES (33822, 33578, 32, NULL, 'EMAP:32481');
INSERT INTO ANA_TIMED_NODE (atn_oid, atn_node_fk, atn_stage_fk, atn_stage_modifier_fk, atn_public_id) VALUES (33823, 33579, 29, NULL, 'EMAP:32482');
INSERT INTO ANA_TIMED_NODE (atn_oid, atn_node_fk, atn_stage_fk, atn_stage_modifier_fk, atn_public_id) VALUES (33824, 33579, 30, NULL, 'EMAP:32483');
INSERT INTO ANA_TIMED_NODE (atn_oid, atn_node_fk, atn_stage_fk, atn_stage_modifier_fk, atn_public_id) VALUES (33825, 33579, 31, NULL, 'EMAP:32484');
INSERT INTO ANA_TIMED_NODE (atn_oid, atn_node_fk, atn_stage_fk, atn_stage_modifier_fk, atn_public_id) VALUES (33826, 33579, 30084, NULL, 'EMAP:32485');
INSERT INTO ANA_TIMED_NODE (atn_oid, atn_node_fk, atn_stage_fk, atn_stage_modifier_fk, atn_public_id) VALUES (33827, 33579, 32, NULL, 'EMAP:32486');
INSERT INTO ANA_TIMED_NODE (atn_oid, atn_node_fk, atn_stage_fk, atn_stage_modifier_fk, atn_public_id) VALUES (33828, 33580, 30, NULL, 'EMAP:32487');
INSERT INTO ANA_TIMED_NODE (atn_oid, atn_node_fk, atn_stage_fk, atn_stage_modifier_fk, atn_public_id) VALUES (33829, 33580, 31, NULL, 'EMAP:32488');
INSERT INTO ANA_TIMED_NODE (atn_oid, atn_node_fk, atn_stage_fk, atn_stage_modifier_fk, atn_public_id) VALUES (33830, 33580, 30084, NULL, 'EMAP:32489');
INSERT INTO ANA_TIMED_NODE (atn_oid, atn_node_fk, atn_stage_fk, atn_stage_modifier_fk, atn_public_id) VALUES (33831, 33581, 29, NULL, 'EMAP:32490');
INSERT INTO ANA_TIMED_NODE (atn_oid, atn_node_fk, atn_stage_fk, atn_stage_modifier_fk, atn_public_id) VALUES (33832, 33581, 30, NULL, 'EMAP:32491');
INSERT INTO ANA_TIMED_NODE (atn_oid, atn_node_fk, atn_stage_fk, atn_stage_modifier_fk, atn_public_id) VALUES (33833, 33581, 31, NULL, 'EMAP:32492');
INSERT INTO ANA_TIMED_NODE (atn_oid, atn_node_fk, atn_stage_fk, atn_stage_modifier_fk, atn_public_id) VALUES (33834, 33581, 30084, NULL, 'EMAP:32493');
INSERT INTO ANA_TIMED_NODE (atn_oid, atn_node_fk, atn_stage_fk, atn_stage_modifier_fk, atn_public_id) VALUES (33835, 33581, 32, NULL, 'EMAP:32494');
INSERT INTO ANA_TIMED_NODE (atn_oid, atn_node_fk, atn_stage_fk, atn_stage_modifier_fk, atn_public_id) VALUES (33836, 33582, 32, NULL, 'EMAP:32495');
INSERT INTO ANA_TIMED_NODE (atn_oid, atn_node_fk, atn_stage_fk, atn_stage_modifier_fk, atn_public_id) VALUES (33837, 33583, 32, NULL, 'EMAP:32496');
INSERT INTO ANA_TIMED_NODE (atn_oid, atn_node_fk, atn_stage_fk, atn_stage_modifier_fk, atn_public_id) VALUES (33838, 33584, 28, NULL, 'EMAP:32497');
INSERT INTO ANA_TIMED_NODE (atn_oid, atn_node_fk, atn_stage_fk, atn_stage_modifier_fk, atn_public_id) VALUES (33839, 33584, 29, NULL, 'EMAP:32498');
INSERT INTO ANA_TIMED_NODE (atn_oid, atn_node_fk, atn_stage_fk, atn_stage_modifier_fk, atn_public_id) VALUES (33840, 33584, 30, NULL, 'EMAP:32499');
INSERT INTO ANA_TIMED_NODE (atn_oid, atn_node_fk, atn_stage_fk, atn_stage_modifier_fk, atn_public_id) VALUES (33841, 33584, 31, NULL, 'EMAP:32500');
INSERT INTO ANA_TIMED_NODE (atn_oid, atn_node_fk, atn_stage_fk, atn_stage_modifier_fk, atn_public_id) VALUES (33842, 33584, 30084, NULL, 'EMAP:32501');
INSERT INTO ANA_TIMED_NODE (atn_oid, atn_node_fk, atn_stage_fk, atn_stage_modifier_fk, atn_public_id) VALUES (33843, 33584, 32, NULL, 'EMAP:32502');
INSERT INTO ANA_TIMED_NODE (atn_oid, atn_node_fk, atn_stage_fk, atn_stage_modifier_fk, atn_public_id) VALUES (33844, 33585, 28, NULL, 'EMAP:32503');
INSERT INTO ANA_TIMED_NODE (atn_oid, atn_node_fk, atn_stage_fk, atn_stage_modifier_fk, atn_public_id) VALUES (33845, 33585, 29, NULL, 'EMAP:32504');
INSERT INTO ANA_TIMED_NODE (atn_oid, atn_node_fk, atn_stage_fk, atn_stage_modifier_fk, atn_public_id) VALUES (33846, 33585, 30, NULL, 'EMAP:32505');
INSERT INTO ANA_TIMED_NODE (atn_oid, atn_node_fk, atn_stage_fk, atn_stage_modifier_fk, atn_public_id) VALUES (33847, 33585, 31, NULL, 'EMAP:32506');
INSERT INTO ANA_TIMED_NODE (atn_oid, atn_node_fk, atn_stage_fk, atn_stage_modifier_fk, atn_public_id) VALUES (33848, 33585, 30084, NULL, 'EMAP:32507');
INSERT INTO ANA_TIMED_NODE (atn_oid, atn_node_fk, atn_stage_fk, atn_stage_modifier_fk, atn_public_id) VALUES (33849, 33585, 32, NULL, 'EMAP:32508');
INSERT INTO ANA_TIMED_NODE (atn_oid, atn_node_fk, atn_stage_fk, atn_stage_modifier_fk, atn_public_id) VALUES (33850, 33586, 28, NULL, 'EMAP:32509');
INSERT INTO ANA_TIMED_NODE (atn_oid, atn_node_fk, atn_stage_fk, atn_stage_modifier_fk, atn_public_id) VALUES (33851, 33586, 29, NULL, 'EMAP:32510');
INSERT INTO ANA_TIMED_NODE (atn_oid, atn_node_fk, atn_stage_fk, atn_stage_modifier_fk, atn_public_id) VALUES (33852, 33586, 30, NULL, 'EMAP:32511');
INSERT INTO ANA_TIMED_NODE (atn_oid, atn_node_fk, atn_stage_fk, atn_stage_modifier_fk, atn_public_id) VALUES (33853, 33586, 31, NULL, 'EMAP:32512');
INSERT INTO ANA_TIMED_NODE (atn_oid, atn_node_fk, atn_stage_fk, atn_stage_modifier_fk, atn_public_id) VALUES (33854, 33586, 30084, NULL, 'EMAP:32513');
INSERT INTO ANA_TIMED_NODE (atn_oid, atn_node_fk, atn_stage_fk, atn_stage_modifier_fk, atn_public_id) VALUES (33855, 33586, 32, NULL, 'EMAP:32514');
INSERT INTO ANA_TIMED_NODE (atn_oid, atn_node_fk, atn_stage_fk, atn_stage_modifier_fk, atn_public_id) VALUES (33856, 33587, 32, NULL, 'EMAP:32515');
INSERT INTO ANA_TIMED_NODE (atn_oid, atn_node_fk, atn_stage_fk, atn_stage_modifier_fk, atn_public_id) VALUES (33857, 33588, 30, NULL, 'EMAP:32516');
INSERT INTO ANA_TIMED_NODE (atn_oid, atn_node_fk, atn_stage_fk, atn_stage_modifier_fk, atn_public_id) VALUES (33858, 33588, 31, NULL, 'EMAP:32517');
INSERT INTO ANA_TIMED_NODE (atn_oid, atn_node_fk, atn_stage_fk, atn_stage_modifier_fk, atn_public_id) VALUES (33859, 33588, 30084, NULL, 'EMAP:32518');
INSERT INTO ANA_TIMED_NODE (atn_oid, atn_node_fk, atn_stage_fk, atn_stage_modifier_fk, atn_public_id) VALUES (33860, 33588, 32, NULL, 'EMAP:32519');
INSERT INTO ANA_TIMED_NODE (atn_oid, atn_node_fk, atn_stage_fk, atn_stage_modifier_fk, atn_public_id) VALUES (33861, 33589, 28, NULL, 'EMAP:32520');
INSERT INTO ANA_TIMED_NODE (atn_oid, atn_node_fk, atn_stage_fk, atn_stage_modifier_fk, atn_public_id) VALUES (33862, 33589, 29, NULL, 'EMAP:32521');
INSERT INTO ANA_TIMED_NODE (atn_oid, atn_node_fk, atn_stage_fk, atn_stage_modifier_fk, atn_public_id) VALUES (33863, 33589, 30, NULL, 'EMAP:32522');
INSERT INTO ANA_TIMED_NODE (atn_oid, atn_node_fk, atn_stage_fk, atn_stage_modifier_fk, atn_public_id) VALUES (33864, 33589, 31, NULL, 'EMAP:32523');
INSERT INTO ANA_TIMED_NODE (atn_oid, atn_node_fk, atn_stage_fk, atn_stage_modifier_fk, atn_public_id) VALUES (33865, 33589, 30084, NULL, 'EMAP:32524');
INSERT INTO ANA_TIMED_NODE (atn_oid, atn_node_fk, atn_stage_fk, atn_stage_modifier_fk, atn_public_id) VALUES (33866, 33589, 32, NULL, 'EMAP:32525');
INSERT INTO ANA_TIMED_NODE (atn_oid, atn_node_fk, atn_stage_fk, atn_stage_modifier_fk, atn_public_id) VALUES (33867, 33590, 28, NULL, 'EMAP:32526');
INSERT INTO ANA_TIMED_NODE (atn_oid, atn_node_fk, atn_stage_fk, atn_stage_modifier_fk, atn_public_id) VALUES (33868, 33590, 29, NULL, 'EMAP:32527');
INSERT INTO ANA_TIMED_NODE (atn_oid, atn_node_fk, atn_stage_fk, atn_stage_modifier_fk, atn_public_id) VALUES (33869, 33590, 30, NULL, 'EMAP:32528');
INSERT INTO ANA_TIMED_NODE (atn_oid, atn_node_fk, atn_stage_fk, atn_stage_modifier_fk, atn_public_id) VALUES (33870, 33590, 31, NULL, 'EMAP:32529');
INSERT INTO ANA_TIMED_NODE (atn_oid, atn_node_fk, atn_stage_fk, atn_stage_modifier_fk, atn_public_id) VALUES (33871, 33590, 30084, NULL, 'EMAP:32530');
INSERT INTO ANA_TIMED_NODE (atn_oid, atn_node_fk, atn_stage_fk, atn_stage_modifier_fk, atn_public_id) VALUES (33872, 33590, 32, NULL, 'EMAP:32531');
INSERT INTO ANA_TIMED_NODE (atn_oid, atn_node_fk, atn_stage_fk, atn_stage_modifier_fk, atn_public_id) VALUES (33873, 33591, 28, NULL, 'EMAP:32532');
INSERT INTO ANA_TIMED_NODE (atn_oid, atn_node_fk, atn_stage_fk, atn_stage_modifier_fk, atn_public_id) VALUES (33874, 33591, 29, NULL, 'EMAP:32533');
INSERT INTO ANA_TIMED_NODE (atn_oid, atn_node_fk, atn_stage_fk, atn_stage_modifier_fk, atn_public_id) VALUES (33875, 33591, 30, NULL, 'EMAP:32534');
INSERT INTO ANA_TIMED_NODE (atn_oid, atn_node_fk, atn_stage_fk, atn_stage_modifier_fk, atn_public_id) VALUES (33876, 33591, 31, NULL, 'EMAP:32535');
INSERT INTO ANA_TIMED_NODE (atn_oid, atn_node_fk, atn_stage_fk, atn_stage_modifier_fk, atn_public_id) VALUES (33877, 33591, 30084, NULL, 'EMAP:32536');
INSERT INTO ANA_TIMED_NODE (atn_oid, atn_node_fk, atn_stage_fk, atn_stage_modifier_fk, atn_public_id) VALUES (33878, 33591, 32, NULL, 'EMAP:32537');
INSERT INTO ANA_TIMED_NODE (atn_oid, atn_node_fk, atn_stage_fk, atn_stage_modifier_fk, atn_public_id) VALUES (33879, 33592, 28, NULL, 'EMAP:32538');
INSERT INTO ANA_TIMED_NODE (atn_oid, atn_node_fk, atn_stage_fk, atn_stage_modifier_fk, atn_public_id) VALUES (33880, 33592, 29, NULL, 'EMAP:32539');
INSERT INTO ANA_TIMED_NODE (atn_oid, atn_node_fk, atn_stage_fk, atn_stage_modifier_fk, atn_public_id) VALUES (33881, 33592, 30, NULL, 'EMAP:32540');
INSERT INTO ANA_TIMED_NODE (atn_oid, atn_node_fk, atn_stage_fk, atn_stage_modifier_fk, atn_public_id) VALUES (33882, 33592, 31, NULL, 'EMAP:32541');
INSERT INTO ANA_TIMED_NODE (atn_oid, atn_node_fk, atn_stage_fk, atn_stage_modifier_fk, atn_public_id) VALUES (33883, 33592, 30084, NULL, 'EMAP:32542');
INSERT INTO ANA_TIMED_NODE (atn_oid, atn_node_fk, atn_stage_fk, atn_stage_modifier_fk, atn_public_id) VALUES (33884, 33592, 32, NULL, 'EMAP:32543');
INSERT INTO ANA_TIMED_NODE (atn_oid, atn_node_fk, atn_stage_fk, atn_stage_modifier_fk, atn_public_id) VALUES (33885, 33593, 30, NULL, 'EMAP:32544');
INSERT INTO ANA_TIMED_NODE (atn_oid, atn_node_fk, atn_stage_fk, atn_stage_modifier_fk, atn_public_id) VALUES (33886, 33593, 31, NULL, 'EMAP:32545');
INSERT INTO ANA_TIMED_NODE (atn_oid, atn_node_fk, atn_stage_fk, atn_stage_modifier_fk, atn_public_id) VALUES (33887, 33593, 30084, NULL, 'EMAP:32546');
INSERT INTO ANA_TIMED_NODE (atn_oid, atn_node_fk, atn_stage_fk, atn_stage_modifier_fk, atn_public_id) VALUES (33888, 33594, 30, NULL, 'EMAP:32547');
INSERT INTO ANA_TIMED_NODE (atn_oid, atn_node_fk, atn_stage_fk, atn_stage_modifier_fk, atn_public_id) VALUES (33889, 33594, 31, NULL, 'EMAP:32548');
INSERT INTO ANA_TIMED_NODE (atn_oid, atn_node_fk, atn_stage_fk, atn_stage_modifier_fk, atn_public_id) VALUES (33890, 33594, 30084, NULL, 'EMAP:32549');
INSERT INTO ANA_TIMED_NODE (atn_oid, atn_node_fk, atn_stage_fk, atn_stage_modifier_fk, atn_public_id) VALUES (33891, 33595, 32, NULL, 'EMAP:32550');
INSERT INTO ANA_TIMED_NODE (atn_oid, atn_node_fk, atn_stage_fk, atn_stage_modifier_fk, atn_public_id) VALUES (33892, 33596, 32, NULL, 'EMAP:32551');
INSERT INTO ANA_TIMED_NODE (atn_oid, atn_node_fk, atn_stage_fk, atn_stage_modifier_fk, atn_public_id) VALUES (33893, 33597, 29, NULL, 'EMAP:32552');
INSERT INTO ANA_TIMED_NODE (atn_oid, atn_node_fk, atn_stage_fk, atn_stage_modifier_fk, atn_public_id) VALUES (33894, 33597, 30, NULL, 'EMAP:32553');
INSERT INTO ANA_TIMED_NODE (atn_oid, atn_node_fk, atn_stage_fk, atn_stage_modifier_fk, atn_public_id) VALUES (33895, 33597, 31, NULL, 'EMAP:32554');
INSERT INTO ANA_TIMED_NODE (atn_oid, atn_node_fk, atn_stage_fk, atn_stage_modifier_fk, atn_public_id) VALUES (33896, 33597, 30084, NULL, 'EMAP:32555');
INSERT INTO ANA_TIMED_NODE (atn_oid, atn_node_fk, atn_stage_fk, atn_stage_modifier_fk, atn_public_id) VALUES (33897, 33598, 32, NULL, 'EMAP:32556');


-- ANA_SYNONYM

-- ===========


-- Inserting Object IDs for New Synonyms --

INSERT INTO ANA_OBJECT (obj_oid , obj_creation_datetime, obj_creator_fk) VALUES (33898, NOW(), NULL);
INSERT INTO ANA_OBJECT (obj_oid , obj_creation_datetime, obj_creator_fk) VALUES (33899, NOW(), NULL);
INSERT INTO ANA_OBJECT (obj_oid , obj_creation_datetime, obj_creator_fk) VALUES (33900, NOW(), NULL);
INSERT INTO ANA_OBJECT (obj_oid , obj_creation_datetime, obj_creator_fk) VALUES (33901, NOW(), NULL);
INSERT INTO ANA_OBJECT (obj_oid , obj_creation_datetime, obj_creator_fk) VALUES (33902, NOW(), NULL);
INSERT INTO ANA_OBJECT (obj_oid , obj_creation_datetime, obj_creator_fk) VALUES (33903, NOW(), NULL);
INSERT INTO ANA_OBJECT (obj_oid , obj_creation_datetime, obj_creator_fk) VALUES (33904, NOW(), NULL);
INSERT INTO ANA_OBJECT (obj_oid , obj_creation_datetime, obj_creator_fk) VALUES (33905, NOW(), NULL);
INSERT INTO ANA_OBJECT (obj_oid , obj_creation_datetime, obj_creator_fk) VALUES (33906, NOW(), NULL);

-- Inserting Synonyms --

INSERT INTO ANA_SYNONYM (syn_oid, syn_object_fk, syn_synonym) VALUES (33898, 33553, 'peri-epithelial mesenchymal layer of ventral pelvic urethra of female');

INSERT INTO ANA_SYNONYM (syn_oid, syn_object_fk, syn_synonym) VALUES (33899, 33553, 'sub-epithelial mesenchymal layer of ventral pelvic urethra of female');

INSERT INTO ANA_SYNONYM (syn_oid, syn_object_fk, syn_synonym) VALUES (33900, 33555, 'peri-epithelial mesenchymal layer of dorsal pelvic urethra of male');

INSERT INTO ANA_SYNONYM (syn_oid, syn_object_fk, syn_synonym) VALUES (33901, 33555, 'sub-epithelial mesenchymal layer of dorsal pelvic urethra of male');

INSERT INTO ANA_SYNONYM (syn_oid, syn_object_fk, syn_synonym) VALUES (33902, 33559, 'peri-epithelial mesenchymal layer of dorsal pelvic urethra of female');

INSERT INTO ANA_SYNONYM (syn_oid, syn_object_fk, syn_synonym) VALUES (33903, 33559, 'sub-epithelial mesenchymal layer of dorsal pelvic urethra of female');

INSERT INTO ANA_SYNONYM (syn_oid, syn_object_fk, syn_synonym) VALUES (33904, 33561, 'peri-epithelial mesenchymal layer of ventral pelvic urethra of male');

INSERT INTO ANA_SYNONYM (syn_oid, syn_object_fk, syn_synonym) VALUES (33905, 33561, 'sub-epithelial mesenchymal layer of ventral pelvic urethra of male');

INSERT INTO ANA_SYNONYM (syn_oid, syn_object_fk, syn_synonym) VALUES (33906, 33595, 'superficial epithelial layer of prostatic urethra');



-- INSERTION IN ANA_TIMED_NODE FOR CREATION OF LARGER STAGE RANGES FOR MODIFIED COMPONENTS

-- =======================================================================================


-- Inserting Object IDs for New Timed Components --

INSERT INTO ANA_OBJECT (obj_oid , obj_creation_datetime, obj_creator_fk) VALUES (33907, NOW(), NULL);
INSERT INTO ANA_OBJECT (obj_oid , obj_creation_datetime, obj_creator_fk) VALUES (33908, NOW(), NULL);
INSERT INTO ANA_OBJECT (obj_oid , obj_creation_datetime, obj_creator_fk) VALUES (33909, NOW(), NULL);
INSERT INTO ANA_OBJECT (obj_oid , obj_creation_datetime, obj_creator_fk) VALUES (33910, NOW(), NULL);
INSERT INTO ANA_OBJECT (obj_oid , obj_creation_datetime, obj_creator_fk) VALUES (33911, NOW(), NULL);
INSERT INTO ANA_OBJECT (obj_oid , obj_creation_datetime, obj_creator_fk) VALUES (33912, NOW(), NULL);
INSERT INTO ANA_OBJECT (obj_oid , obj_creation_datetime, obj_creator_fk) VALUES (33913, NOW(), NULL);
INSERT INTO ANA_OBJECT (obj_oid , obj_creation_datetime, obj_creator_fk) VALUES (33914, NOW(), NULL);
INSERT INTO ANA_OBJECT (obj_oid , obj_creation_datetime, obj_creator_fk) VALUES (33915, NOW(), NULL);
INSERT INTO ANA_OBJECT (obj_oid , obj_creation_datetime, obj_creator_fk) VALUES (33916, NOW(), NULL);
INSERT INTO ANA_OBJECT (obj_oid , obj_creation_datetime, obj_creator_fk) VALUES (33917, NOW(), NULL);
INSERT INTO ANA_OBJECT (obj_oid , obj_creation_datetime, obj_creator_fk) VALUES (33918, NOW(), NULL);
INSERT INTO ANA_OBJECT (obj_oid , obj_creation_datetime, obj_creator_fk) VALUES (33919, NOW(), NULL);
INSERT INTO ANA_OBJECT (obj_oid , obj_creation_datetime, obj_creator_fk) VALUES (33920, NOW(), NULL);
INSERT INTO ANA_OBJECT (obj_oid , obj_creation_datetime, obj_creator_fk) VALUES (33921, NOW(), NULL);
INSERT INTO ANA_OBJECT (obj_oid , obj_creation_datetime, obj_creator_fk) VALUES (33922, NOW(), NULL);
INSERT INTO ANA_OBJECT (obj_oid , obj_creation_datetime, obj_creator_fk) VALUES (33923, NOW(), NULL);
INSERT INTO ANA_OBJECT (obj_oid , obj_creation_datetime, obj_creator_fk) VALUES (33924, NOW(), NULL);
INSERT INTO ANA_OBJECT (obj_oid , obj_creation_datetime, obj_creator_fk) VALUES (33925, NOW(), NULL);
INSERT INTO ANA_OBJECT (obj_oid , obj_creation_datetime, obj_creator_fk) VALUES (33926, NOW(), NULL);
INSERT INTO ANA_OBJECT (obj_oid , obj_creation_datetime, obj_creator_fk) VALUES (33927, NOW(), NULL);
INSERT INTO ANA_OBJECT (obj_oid , obj_creation_datetime, obj_creator_fk) VALUES (33928, NOW(), NULL);
INSERT INTO ANA_OBJECT (obj_oid , obj_creation_datetime, obj_creator_fk) VALUES (33929, NOW(), NULL);
INSERT INTO ANA_OBJECT (obj_oid , obj_creation_datetime, obj_creator_fk) VALUES (33930, NOW(), NULL);
INSERT INTO ANA_OBJECT (obj_oid , obj_creation_datetime, obj_creator_fk) VALUES (33931, NOW(), NULL);
INSERT INTO ANA_OBJECT (obj_oid , obj_creation_datetime, obj_creator_fk) VALUES (33932, NOW(), NULL);
INSERT INTO ANA_OBJECT (obj_oid , obj_creation_datetime, obj_creator_fk) VALUES (33933, NOW(), NULL);
INSERT INTO ANA_OBJECT (obj_oid , obj_creation_datetime, obj_creator_fk) VALUES (33934, NOW(), NULL);
INSERT INTO ANA_OBJECT (obj_oid , obj_creation_datetime, obj_creator_fk) VALUES (33935, NOW(), NULL);
INSERT INTO ANA_OBJECT (obj_oid , obj_creation_datetime, obj_creator_fk) VALUES (33936, NOW(), NULL);
INSERT INTO ANA_OBJECT (obj_oid , obj_creation_datetime, obj_creator_fk) VALUES (33937, NOW(), NULL);
INSERT INTO ANA_OBJECT (obj_oid , obj_creation_datetime, obj_creator_fk) VALUES (33938, NOW(), NULL);
INSERT INTO ANA_OBJECT (obj_oid , obj_creation_datetime, obj_creator_fk) VALUES (33939, NOW(), NULL);
INSERT INTO ANA_OBJECT (obj_oid , obj_creation_datetime, obj_creator_fk) VALUES (33940, NOW(), NULL);
INSERT INTO ANA_OBJECT (obj_oid , obj_creation_datetime, obj_creator_fk) VALUES (33941, NOW(), NULL);
INSERT INTO ANA_OBJECT (obj_oid , obj_creation_datetime, obj_creator_fk) VALUES (33942, NOW(), NULL);
INSERT INTO ANA_OBJECT (obj_oid , obj_creation_datetime, obj_creator_fk) VALUES (33943, NOW(), NULL);
INSERT INTO ANA_OBJECT (obj_oid , obj_creation_datetime, obj_creator_fk) VALUES (33944, NOW(), NULL);
INSERT INTO ANA_OBJECT (obj_oid , obj_creation_datetime, obj_creator_fk) VALUES (33945, NOW(), NULL);
INSERT INTO ANA_OBJECT (obj_oid , obj_creation_datetime, obj_creator_fk) VALUES (33946, NOW(), NULL);
INSERT INTO ANA_OBJECT (obj_oid , obj_creation_datetime, obj_creator_fk) VALUES (33947, NOW(), NULL);
INSERT INTO ANA_OBJECT (obj_oid , obj_creation_datetime, obj_creator_fk) VALUES (33948, NOW(), NULL);
INSERT INTO ANA_OBJECT (obj_oid , obj_creation_datetime, obj_creator_fk) VALUES (33949, NOW(), NULL);
INSERT INTO ANA_OBJECT (obj_oid , obj_creation_datetime, obj_creator_fk) VALUES (33950, NOW(), NULL);
INSERT INTO ANA_OBJECT (obj_oid , obj_creation_datetime, obj_creator_fk) VALUES (33951, NOW(), NULL);
INSERT INTO ANA_OBJECT (obj_oid , obj_creation_datetime, obj_creator_fk) VALUES (33952, NOW(), NULL);
INSERT INTO ANA_OBJECT (obj_oid , obj_creation_datetime, obj_creator_fk) VALUES (33953, NOW(), NULL);
INSERT INTO ANA_OBJECT (obj_oid , obj_creation_datetime, obj_creator_fk) VALUES (33954, NOW(), NULL);

-- Inserting Timed Components --

INSERT INTO ANA_TIMED_NODE (atn_oid, atn_node_fk, atn_stage_fk, atn_stage_modifier_fk, atn_public_id) VALUES (33907, 30267, 29, NULL, 'EMAP:32557');
INSERT INTO ANA_TIMED_NODE (atn_oid, atn_node_fk, atn_stage_fk, atn_stage_modifier_fk, atn_public_id) VALUES (33908, 30267, 30, NULL, 'EMAP:32558');
INSERT INTO ANA_TIMED_NODE (atn_oid, atn_node_fk, atn_stage_fk, atn_stage_modifier_fk, atn_public_id) VALUES (33909, 30267, 31, NULL, 'EMAP:32559');
INSERT INTO ANA_TIMED_NODE (atn_oid, atn_node_fk, atn_stage_fk, atn_stage_modifier_fk, atn_public_id) VALUES (33910, 30267, 30084, NULL, 'EMAP:32560');
INSERT INTO ANA_TIMED_NODE (atn_oid, atn_node_fk, atn_stage_fk, atn_stage_modifier_fk, atn_public_id) VALUES (33911, 30257, 29, NULL, 'EMAP:32561');
INSERT INTO ANA_TIMED_NODE (atn_oid, atn_node_fk, atn_stage_fk, atn_stage_modifier_fk, atn_public_id) VALUES (33912, 30257, 30, NULL, 'EMAP:32562');
INSERT INTO ANA_TIMED_NODE (atn_oid, atn_node_fk, atn_stage_fk, atn_stage_modifier_fk, atn_public_id) VALUES (33913, 30257, 31, NULL, 'EMAP:32563');
INSERT INTO ANA_TIMED_NODE (atn_oid, atn_node_fk, atn_stage_fk, atn_stage_modifier_fk, atn_public_id) VALUES (33914, 30257, 30084, NULL, 'EMAP:32564');
INSERT INTO ANA_TIMED_NODE (atn_oid, atn_node_fk, atn_stage_fk, atn_stage_modifier_fk, atn_public_id) VALUES (33915, 31653, 30084, NULL, 'EMAP:32565');
INSERT INTO ANA_TIMED_NODE (atn_oid, atn_node_fk, atn_stage_fk, atn_stage_modifier_fk, atn_public_id) VALUES (33916, 31653, 32, NULL, 'EMAP:32566');
INSERT INTO ANA_TIMED_NODE (atn_oid, atn_node_fk, atn_stage_fk, atn_stage_modifier_fk, atn_public_id) VALUES (33917, 32666, 31, NULL, 'EMAP:32567');
INSERT INTO ANA_TIMED_NODE (atn_oid, atn_node_fk, atn_stage_fk, atn_stage_modifier_fk, atn_public_id) VALUES (33918, 32666, 30084, NULL, 'EMAP:32568');
INSERT INTO ANA_TIMED_NODE (atn_oid, atn_node_fk, atn_stage_fk, atn_stage_modifier_fk, atn_public_id) VALUES (33919, 32658, 31, NULL, 'EMAP:32569');
INSERT INTO ANA_TIMED_NODE (atn_oid, atn_node_fk, atn_stage_fk, atn_stage_modifier_fk, atn_public_id) VALUES (33920, 32658, 30084, NULL, 'EMAP:32570');
INSERT INTO ANA_TIMED_NODE (atn_oid, atn_node_fk, atn_stage_fk, atn_stage_modifier_fk, atn_public_id) VALUES (33921, 32658, 32, NULL, 'EMAP:32571');
INSERT INTO ANA_TIMED_NODE (atn_oid, atn_node_fk, atn_stage_fk, atn_stage_modifier_fk, atn_public_id) VALUES (33922, 32659, 31, NULL, 'EMAP:32572');
INSERT INTO ANA_TIMED_NODE (atn_oid, atn_node_fk, atn_stage_fk, atn_stage_modifier_fk, atn_public_id) VALUES (33923, 32659, 30084, NULL, 'EMAP:32573');
INSERT INTO ANA_TIMED_NODE (atn_oid, atn_node_fk, atn_stage_fk, atn_stage_modifier_fk, atn_public_id) VALUES (33924, 32659, 32, NULL, 'EMAP:32574');
INSERT INTO ANA_TIMED_NODE (atn_oid, atn_node_fk, atn_stage_fk, atn_stage_modifier_fk, atn_public_id) VALUES (33925, 32660, 31, NULL, 'EMAP:32575');
INSERT INTO ANA_TIMED_NODE (atn_oid, atn_node_fk, atn_stage_fk, atn_stage_modifier_fk, atn_public_id) VALUES (33926, 32660, 30084, NULL, 'EMAP:32576');
INSERT INTO ANA_TIMED_NODE (atn_oid, atn_node_fk, atn_stage_fk, atn_stage_modifier_fk, atn_public_id) VALUES (33927, 32660, 32, NULL, 'EMAP:32577');
INSERT INTO ANA_TIMED_NODE (atn_oid, atn_node_fk, atn_stage_fk, atn_stage_modifier_fk, atn_public_id) VALUES (33928, 32656, 31, NULL, 'EMAP:32578');
INSERT INTO ANA_TIMED_NODE (atn_oid, atn_node_fk, atn_stage_fk, atn_stage_modifier_fk, atn_public_id) VALUES (33929, 32656, 30084, NULL, 'EMAP:32579');
INSERT INTO ANA_TIMED_NODE (atn_oid, atn_node_fk, atn_stage_fk, atn_stage_modifier_fk, atn_public_id) VALUES (33930, 32656, 32, NULL, 'EMAP:32580');
INSERT INTO ANA_TIMED_NODE (atn_oid, atn_node_fk, atn_stage_fk, atn_stage_modifier_fk, atn_public_id) VALUES (33931, 32662, 31, NULL, 'EMAP:32581');
INSERT INTO ANA_TIMED_NODE (atn_oid, atn_node_fk, atn_stage_fk, atn_stage_modifier_fk, atn_public_id) VALUES (33932, 32662, 30084, NULL, 'EMAP:32582');
INSERT INTO ANA_TIMED_NODE (atn_oid, atn_node_fk, atn_stage_fk, atn_stage_modifier_fk, atn_public_id) VALUES (33933, 32665, 31, NULL, 'EMAP:32583');
INSERT INTO ANA_TIMED_NODE (atn_oid, atn_node_fk, atn_stage_fk, atn_stage_modifier_fk, atn_public_id) VALUES (33934, 32665, 30084, NULL, 'EMAP:32584');
INSERT INTO ANA_TIMED_NODE (atn_oid, atn_node_fk, atn_stage_fk, atn_stage_modifier_fk, atn_public_id) VALUES (33935, 28930, 29, NULL, 'EMAP:32585');
INSERT INTO ANA_TIMED_NODE (atn_oid, atn_node_fk, atn_stage_fk, atn_stage_modifier_fk, atn_public_id) VALUES (33936, 28930, 30, NULL, 'EMAP:32586');
INSERT INTO ANA_TIMED_NODE (atn_oid, atn_node_fk, atn_stage_fk, atn_stage_modifier_fk, atn_public_id) VALUES (33937, 28930, 31, NULL, 'EMAP:32587');
INSERT INTO ANA_TIMED_NODE (atn_oid, atn_node_fk, atn_stage_fk, atn_stage_modifier_fk, atn_public_id) VALUES (33938, 28930, 30084, NULL, 'EMAP:32588');
INSERT INTO ANA_TIMED_NODE (atn_oid, atn_node_fk, atn_stage_fk, atn_stage_modifier_fk, atn_public_id) VALUES (33939, 28958, 29, NULL, 'EMAP:32589');
INSERT INTO ANA_TIMED_NODE (atn_oid, atn_node_fk, atn_stage_fk, atn_stage_modifier_fk, atn_public_id) VALUES (33940, 28958, 30, NULL, 'EMAP:32590');
INSERT INTO ANA_TIMED_NODE (atn_oid, atn_node_fk, atn_stage_fk, atn_stage_modifier_fk, atn_public_id) VALUES (33941, 28958, 31, NULL, 'EMAP:32591');
INSERT INTO ANA_TIMED_NODE (atn_oid, atn_node_fk, atn_stage_fk, atn_stage_modifier_fk, atn_public_id) VALUES (33942, 28958, 30084, NULL, 'EMAP:32592');
INSERT INTO ANA_TIMED_NODE (atn_oid, atn_node_fk, atn_stage_fk, atn_stage_modifier_fk, atn_public_id) VALUES (33943, 28960, 29, NULL, 'EMAP:32593');
INSERT INTO ANA_TIMED_NODE (atn_oid, atn_node_fk, atn_stage_fk, atn_stage_modifier_fk, atn_public_id) VALUES (33944, 28960, 30, NULL, 'EMAP:32594');
INSERT INTO ANA_TIMED_NODE (atn_oid, atn_node_fk, atn_stage_fk, atn_stage_modifier_fk, atn_public_id) VALUES (33945, 28960, 31, NULL, 'EMAP:32595');
INSERT INTO ANA_TIMED_NODE (atn_oid, atn_node_fk, atn_stage_fk, atn_stage_modifier_fk, atn_public_id) VALUES (33946, 28960, 30084, NULL, 'EMAP:32596');
INSERT INTO ANA_TIMED_NODE (atn_oid, atn_node_fk, atn_stage_fk, atn_stage_modifier_fk, atn_public_id) VALUES (33947, 28959, 29, NULL, 'EMAP:32597');
INSERT INTO ANA_TIMED_NODE (atn_oid, atn_node_fk, atn_stage_fk, atn_stage_modifier_fk, atn_public_id) VALUES (33948, 28959, 30, NULL, 'EMAP:32598');
INSERT INTO ANA_TIMED_NODE (atn_oid, atn_node_fk, atn_stage_fk, atn_stage_modifier_fk, atn_public_id) VALUES (33949, 28959, 31, NULL, 'EMAP:32599');
INSERT INTO ANA_TIMED_NODE (atn_oid, atn_node_fk, atn_stage_fk, atn_stage_modifier_fk, atn_public_id) VALUES (33950, 28959, 30084, NULL, 'EMAP:32600');
INSERT INTO ANA_TIMED_NODE (atn_oid, atn_node_fk, atn_stage_fk, atn_stage_modifier_fk, atn_public_id) VALUES (33951, 31698, 29, NULL, 'EMAP:32601');
INSERT INTO ANA_TIMED_NODE (atn_oid, atn_node_fk, atn_stage_fk, atn_stage_modifier_fk, atn_public_id) VALUES (33952, 31698, 30, NULL, 'EMAP:32602');
INSERT INTO ANA_TIMED_NODE (atn_oid, atn_node_fk, atn_stage_fk, atn_stage_modifier_fk, atn_public_id) VALUES (33953, 31699, 29, NULL, 'EMAP:32603');
INSERT INTO ANA_TIMED_NODE (atn_oid, atn_node_fk, atn_stage_fk, atn_stage_modifier_fk, atn_public_id) VALUES (33954, 31699, 30, NULL, 'EMAP:32604');


-- INSERTION IN ANA_LOG FOR DELETION OF TIME COMPONENTS FOR MODIFIED STAGE RANGES

-- ==============================================================================


-- No records inserted --


-- DELETION FROM ANA_TIMED_NODE FOR MODIFIED STAGE RANGES

-- ======================================================


-- No records deleted --


-- DELETION FROM ANA_OBJECT FOR MODIFIED COMPONENTS
-- ================================================

-- Deleting Object IDs of Timed Components for Shortening of Stage Ranges in Modified Components --

 -- No records deleted --


-- UPDATE ANA_NODE COMPONENT NAMES
-- ===============================

UPDATE ANA_NODE SET ano_component_name = 'urothelium of phallic urethra of male' WHERE ano_public_id = 'EMAPA:28853';
UPDATE ANA_NODE SET ano_component_name = 'urothelium of ureter' WHERE ano_public_id = 'EMAPA:28089';
UPDATE ANA_NODE SET ano_component_name = 'intermediate cell layer of ureter' WHERE ano_public_id = 'EMAPA:28801';
UPDATE ANA_NODE SET ano_component_name = 'basal cell layer of ureter' WHERE ano_public_id = 'EMAPA:28806';
UPDATE ANA_NODE SET ano_component_name = 'basal epithelium of anterior prostate' WHERE ano_public_id = 'EMAPA:29800';
UPDATE ANA_NODE SET ano_component_name = 'basal epithelium of ventral prostate' WHERE ano_public_id = 'EMAPA:29842';
UPDATE ANA_NODE SET ano_component_name = 'basal epithelium of lateral prostate' WHERE ano_public_id = 'EMAPA:29828';
UPDATE ANA_NODE SET ano_component_name = 'basal epithelium of dorsal prostate' WHERE ano_public_id = 'EMAPA:29814';
UPDATE ANA_NODE SET ano_component_name = 'urothelium of pelvic urethra of female' WHERE ano_public_id = 'EMAPA:28759';
UPDATE ANA_NODE SET ano_component_name = 'mural of secondary follicle' WHERE ano_public_id = 'EMAPA:29870';
UPDATE ANA_NODE SET ano_component_name = 'cumulus of secondary follicle' WHERE ano_public_id = 'EMAPA:29868';
UPDATE ANA_NODE SET ano_component_name = 'visceral epithelium of capillary loop renal corpuscle' WHERE ano_public_id = 'EMAPA:27772';
UPDATE ANA_NODE SET ano_component_name = 'visceral epithelium of s-shaped body' WHERE ano_public_id = 'EMAPA:27766';
UPDATE ANA_NODE SET ano_component_name = 'parietal epithelium of s-shaped body' WHERE ano_public_id = 'EMAPA:27768';
UPDATE ANA_NODE SET ano_component_name = 'anlage of loop of Henle' WHERE ano_public_id = 'EMAPA:27786';
UPDATE ANA_NODE SET ano_component_name = 'urothelium of trigone' WHERE ano_public_id = 'EMAPA:28613';
UPDATE ANA_NODE SET ano_component_name = 'urothelium of bladder' WHERE ano_public_id = 'EMAPA:28601';
UPDATE ANA_NODE SET ano_component_name = 'urothelium of fundus' WHERE ano_public_id = 'EMAPA:28607';
UPDATE ANA_NODE SET ano_component_name = 'vasculature of bladder' WHERE ano_public_id = 'EMAPA:28679';
UPDATE ANA_NODE SET ano_component_name = 'urothelium of pelvic urethra of male' WHERE ano_public_id = 'EMAPA:28697';
UPDATE ANA_NODE SET ano_component_name = 'visceral epithelium of s-shaped body' WHERE ano_public_id = 'EMAPA:27895';
UPDATE ANA_NODE SET ano_component_name = 'visceral epithelium of capillary loop renal corpuscle' WHERE ano_public_id = 'EMAPA:27913';
UPDATE ANA_NODE SET ano_component_name = 'parietal epithelium of s-shaped body' WHERE ano_public_id = 'EMAPA:27901';
UPDATE ANA_NODE SET ano_component_name = 'superficial cellular layer of ureter' WHERE ano_public_id = 'EMAPA:28588';
UPDATE ANA_NODE SET ano_component_name = 'visceral epithelium of maturing renal corpuscle' WHERE ano_public_id = 'EMAPA:27967';
UPDATE ANA_NODE SET ano_component_name = 'postmacula segment of distal straight tubule' WHERE ano_public_id = 'EMAPA:28402';
UPDATE ANA_NODE SET ano_component_name = 'visceral epithelium of mature renal corpuscle' WHERE ano_public_id = 'EMAPA:28254';
UPDATE ANA_NODE SET ano_component_name = 'epithelial layer of seminal vesicle' WHERE ano_public_id = 'EMAPA:29771';
UPDATE ANA_NODE SET ano_component_name = 'urothelium of penile urethra' WHERE ano_public_id = 'EMAPA:30946';
UPDATE ANA_NODE SET ano_component_name = 'mesenchymal layer of penile urethra' WHERE ano_public_id = 'EMAPA:30948';
UPDATE ANA_NODE SET ano_component_name = 'urothelium of prostatic urethra' WHERE ano_public_id = 'EMAPA:30952';
UPDATE ANA_NODE SET ano_component_name = 'mesenchymal layer of prostatic urethra' WHERE ano_public_id = 'EMAPA:30954';
UPDATE ANA_NODE SET ano_component_name = 'muscle layer of prostatic urethra' WHERE ano_public_id = 'EMAPA:30956';
UPDATE ANA_NODE SET ano_component_name = 'muscle layer of penile urethra' WHERE ano_public_id = 'EMAPA:30950';
UPDATE ANA_NODE SET ano_component_name = 'urothelium of phallic urethra of female' WHERE ano_public_id = 'EMAPA:30930';
UPDATE ANA_NODE SET ano_component_name = 'deep cellular layer of ureter' WHERE ano_public_id = 'EMAPA:28101';
UPDATE ANA_NODE SET ano_component_name = 'lamina propria of bladder' WHERE ano_public_id = 'EMAPA:30088';
UPDATE ANA_NODE SET ano_component_name = 'bend of immature loop of Henle' WHERE ano_public_id = 'EMAPA:31021';
UPDATE ANA_NODE SET ano_component_name = 'straight limb of immature loop of Henle' WHERE ano_public_id = 'EMAPA:31017';
UPDATE ANA_NODE SET ano_component_name = 'urothelium of neck' WHERE ano_public_id = 'EMAPA:30081';


-- INSERTION IN ANA_SYNONYM FOR CREATION OF NEW SYNONYMS FOR MODIFIED COMPONENTS

-- =============================================================================


-- Inserting Object IDs for New Synonyms --

INSERT INTO ANA_OBJECT (obj_oid , obj_creation_datetime, obj_creator_fk) VALUES (33955, NOW(), NULL);
INSERT INTO ANA_OBJECT (obj_oid , obj_creation_datetime, obj_creator_fk) VALUES (33956, NOW(), NULL);
INSERT INTO ANA_OBJECT (obj_oid , obj_creation_datetime, obj_creator_fk) VALUES (33957, NOW(), NULL);
INSERT INTO ANA_OBJECT (obj_oid , obj_creation_datetime, obj_creator_fk) VALUES (33958, NOW(), NULL);
INSERT INTO ANA_OBJECT (obj_oid , obj_creation_datetime, obj_creator_fk) VALUES (33959, NOW(), NULL);
INSERT INTO ANA_OBJECT (obj_oid , obj_creation_datetime, obj_creator_fk) VALUES (33960, NOW(), NULL);
INSERT INTO ANA_OBJECT (obj_oid , obj_creation_datetime, obj_creator_fk) VALUES (33961, NOW(), NULL);
INSERT INTO ANA_OBJECT (obj_oid , obj_creation_datetime, obj_creator_fk) VALUES (33962, NOW(), NULL);
INSERT INTO ANA_OBJECT (obj_oid , obj_creation_datetime, obj_creator_fk) VALUES (33963, NOW(), NULL);
INSERT INTO ANA_OBJECT (obj_oid , obj_creation_datetime, obj_creator_fk) VALUES (33964, NOW(), NULL);
INSERT INTO ANA_OBJECT (obj_oid , obj_creation_datetime, obj_creator_fk) VALUES (33965, NOW(), NULL);
INSERT INTO ANA_OBJECT (obj_oid , obj_creation_datetime, obj_creator_fk) VALUES (33966, NOW(), NULL);
INSERT INTO ANA_OBJECT (obj_oid , obj_creation_datetime, obj_creator_fk) VALUES (33967, NOW(), NULL);

-- Inserting Synonyms --

INSERT INTO ANA_SYNONYM (syn_oid, syn_object_fk, syn_synonym) VALUES (33955, 29007, 'luminal epithelium');

INSERT INTO ANA_SYNONYM (syn_oid, syn_object_fk, syn_synonym) VALUES (33956, 29000, 'luminal epithelium');

INSERT INTO ANA_SYNONYM (syn_oid, syn_object_fk, syn_synonym) VALUES (33957, 28993, 'luminal epithelium');

INSERT INTO ANA_SYNONYM (syn_oid, syn_object_fk, syn_synonym) VALUES (33958, 12832, 'epithelium of bladder');

INSERT INTO ANA_SYNONYM (syn_oid, syn_object_fk, syn_synonym) VALUES (33959, 12923, 'blood vessel of bladder');

INSERT INTO ANA_SYNONYM (syn_oid, syn_object_fk, syn_synonym) VALUES (33960, 26955, 'mesonephric duct');

INSERT INTO ANA_SYNONYM (syn_oid, syn_object_fk, syn_synonym) VALUES (33961, 26955, 'Wolffian duct');

INSERT INTO ANA_SYNONYM (syn_oid, syn_object_fk, syn_synonym) VALUES (33962, 26962, 'mesonephric duct');

INSERT INTO ANA_SYNONYM (syn_oid, syn_object_fk, syn_synonym) VALUES (33963, 26962, 'Wolffian duct');

INSERT INTO ANA_SYNONYM (syn_oid, syn_object_fk, syn_synonym) VALUES (33964, 28986, 'luminal epithelium');

INSERT INTO ANA_SYNONYM (syn_oid, syn_object_fk, syn_synonym) VALUES (33965, 10550, 'mesonephric duct, metanephric portion');

INSERT INTO ANA_SYNONYM (syn_oid, syn_object_fk, syn_synonym) VALUES (33966, 31661, 'mesonephric duct, metanephric portion');

INSERT INTO ANA_SYNONYM (syn_oid, syn_object_fk, syn_synonym) VALUES (33967, 13555, 'sinus vagina');



-- INSERTION IN ANA_LOG FOR DELETION OF SYNONYMS OF MODIFIED COMPONENTS

-- ===================================================================


INSERT INTO ANA_LOG (log_oid, log_logged_oid, log_column_name, log_old_value, log_version_fk) VALUES (9229, 31640, 'SYN_OID', '30049', 33541);
INSERT INTO ANA_LOG (log_oid, log_logged_oid, log_column_name, log_old_value, log_version_fk) VALUES (9230, 31640, 'SYN_OBJECT_FK', '12832', 33541);
INSERT INTO ANA_LOG (log_oid, log_logged_oid, log_column_name, log_old_value, log_version_fk) VALUES (9231, 31640, 'SYN_SYNONYM', 'urothelium', 33541);


-- DELETION FROM ANA_SYNONYM FOR MODIFIED COMPONENTS

-- =================================================


DELETE FROM ANA_SYNONYM WHERE syn_oid = 30049;


-- DELETION FROM ANA_OBJECT FOR MODIFIED COMPONENTS
-- ================================================

-- Deleting Object IDs of Synonyms for Removal of Synonyms in Modified Components --

DELETE FROM ANA_OBJECT WHERE obj_oid = 30049;


-- INSERTION IN ANA_RELATIONSHIP AND ANA_RELATIONSHIP_PROJECT FOR CREATION OF NEW PARENTS FOR MODIFIED COMPONENTS

-- ==============================================================================================================


-- Inserting Object IDs for Adding New part-of Links --

INSERT INTO ANA_OBJECT (obj_oid , obj_creation_datetime, obj_creator_fk) VALUES (33968, NOW(), NULL);

-- Inserting Relationships --

INSERT INTO ANA_RELATIONSHIP (rel_oid, rel_relationship_type_fk, rel_child_fk, rel_parent_fk) VALUES (33968, 'part-of', 12117, 27017);
INSERT INTO ANA_RELATIONSHIP_PROJECT (rlp_oid, rlp_relationship_fk, rlp_project_fk, rlp_sequence) VALUES (14905, 33968, 'GUDMAP', 1);
INSERT INTO ANA_RELATIONSHIP_PROJECT (rlp_oid, rlp_relationship_fk, rlp_project_fk, rlp_sequence) VALUES (14906, 33968, 'EMAP', 1);


-- INSERTION IN ANA_LOG FOR DELETION OF PARENT RELATIONSHIPS OF MODIFIED COMPONENTS

-- ================================================================================


-- No records inserted --


-- DELETION FROM ANA_RELATIONSHIP AND ANA_RELATIONSHIP_PROJECT FOR MODIFIED COMPONENTS

-- ===================================================================================


-- No records deleted --


-- DELETION FROM ANA_OBJECT FOR MODIFIED COMPONENTS
-- ================================================

-- Deleting Object IDs of Relationships for Removal of Parents in Modified Components --

 -- No records deleted --


-- UPDATE ANA_NODE PRIMARY STATUS
-- ==============================

 -- No records updated --


-- REORDERING RLP_SEQUENCE IN ANA_RELATIONSHIP_PROJECT FOR MODIFIED COMPONENTS

-- ===========================================================================


UPDATE ANA_RELATIONSHIP_PROJECT SET rlp_sequence = 0 WHERE rlp_relationship_fk = 29889;
UPDATE ANA_RELATIONSHIP_PROJECT SET rlp_sequence = 3 WHERE rlp_relationship_fk = 31448;
UPDATE ANA_RELATIONSHIP_PROJECT SET rlp_sequence = 2 WHERE rlp_relationship_fk = 12845;
UPDATE ANA_RELATIONSHIP_PROJECT SET rlp_sequence = 3 WHERE rlp_relationship_fk = 12852;
UPDATE ANA_RELATIONSHIP_PROJECT SET rlp_sequence = 4 WHERE rlp_relationship_fk = 31323;
UPDATE ANA_RELATIONSHIP_PROJECT SET rlp_sequence = 0 WHERE rlp_relationship_fk = 32148;
UPDATE ANA_RELATIONSHIP_PROJECT SET rlp_sequence = 1 WHERE rlp_relationship_fk = 32149;
UPDATE ANA_RELATIONSHIP_PROJECT SET rlp_sequence = 2 WHERE rlp_relationship_fk = 32150;
UPDATE ANA_RELATIONSHIP_PROJECT SET rlp_sequence = 3 WHERE rlp_relationship_fk = 32151;
UPDATE ANA_RELATIONSHIP_PROJECT SET rlp_sequence = 4 WHERE rlp_relationship_fk = 32152;
UPDATE ANA_RELATIONSHIP_PROJECT SET rlp_sequence = 5 WHERE rlp_relationship_fk = 32162;
UPDATE ANA_RELATIONSHIP_PROJECT SET rlp_sequence = 6 WHERE rlp_relationship_fk = 32140;
UPDATE ANA_RELATIONSHIP_PROJECT SET rlp_sequence = 7 WHERE rlp_relationship_fk = 32154;
UPDATE ANA_RELATIONSHIP_PROJECT SET rlp_sequence = 8 WHERE rlp_relationship_fk = 32155;
UPDATE ANA_RELATIONSHIP_PROJECT SET rlp_sequence = 9 WHERE rlp_relationship_fk = 32153;
UPDATE ANA_RELATIONSHIP_PROJECT SET rlp_sequence = 10 WHERE rlp_relationship_fk = 32161;
UPDATE ANA_RELATIONSHIP_PROJECT SET rlp_sequence = 11 WHERE rlp_relationship_fk = 32163;
UPDATE ANA_RELATIONSHIP_PROJECT SET rlp_sequence = 12 WHERE rlp_relationship_fk = 32164;
UPDATE ANA_RELATIONSHIP_PROJECT SET rlp_sequence = 13 WHERE rlp_relationship_fk = 32300;
UPDATE ANA_RELATIONSHIP_PROJECT SET rlp_sequence = 14 WHERE rlp_relationship_fk = 32301;
UPDATE ANA_RELATIONSHIP_PROJECT SET rlp_sequence = 15 WHERE rlp_relationship_fk = 32298;
UPDATE ANA_RELATIONSHIP_PROJECT SET rlp_sequence = 16 WHERE rlp_relationship_fk = 32304;
UPDATE ANA_RELATIONSHIP_PROJECT SET rlp_sequence = 17 WHERE rlp_relationship_fk = 32324;
UPDATE ANA_RELATIONSHIP_PROJECT SET rlp_sequence = 0 WHERE rlp_relationship_fk = 32205;
UPDATE ANA_RELATIONSHIP_PROJECT SET rlp_sequence = 1 WHERE rlp_relationship_fk = 32206;
UPDATE ANA_RELATIONSHIP_PROJECT SET rlp_sequence = 2 WHERE rlp_relationship_fk = 32207;
UPDATE ANA_RELATIONSHIP_PROJECT SET rlp_sequence = 4 WHERE rlp_relationship_fk = 32774;
UPDATE ANA_RELATIONSHIP_PROJECT SET rlp_sequence = 0 WHERE rlp_relationship_fk = 32285;
UPDATE ANA_RELATIONSHIP_PROJECT SET rlp_sequence = 1 WHERE rlp_relationship_fk = 31492;
UPDATE ANA_RELATIONSHIP_PROJECT SET rlp_sequence = 2 WHERE rlp_relationship_fk = 31487;
UPDATE ANA_RELATIONSHIP_PROJECT SET rlp_sequence = 3 WHERE rlp_relationship_fk = 31488;
UPDATE ANA_RELATIONSHIP_PROJECT SET rlp_sequence = 4 WHERE rlp_relationship_fk = 31493;
UPDATE ANA_RELATIONSHIP_PROJECT SET rlp_sequence = 5 WHERE rlp_relationship_fk = 31489;
UPDATE ANA_RELATIONSHIP_PROJECT SET rlp_sequence = 6 WHERE rlp_relationship_fk = 31494;
UPDATE ANA_RELATIONSHIP_PROJECT SET rlp_sequence = 7 WHERE rlp_relationship_fk = 31490;
UPDATE ANA_RELATIONSHIP_PROJECT SET rlp_sequence = 8 WHERE rlp_relationship_fk = 31495;
UPDATE ANA_RELATIONSHIP_PROJECT SET rlp_sequence = 9 WHERE rlp_relationship_fk = 31496;
UPDATE ANA_RELATIONSHIP_PROJECT SET rlp_sequence = 10 WHERE rlp_relationship_fk = 31498;
UPDATE ANA_RELATIONSHIP_PROJECT SET rlp_sequence = 11 WHERE rlp_relationship_fk = 31491;
UPDATE ANA_RELATIONSHIP_PROJECT SET rlp_sequence = 0 WHERE rlp_relationship_fk = 13261;
UPDATE ANA_RELATIONSHIP_PROJECT SET rlp_sequence = 1 WHERE rlp_relationship_fk = 13268;
UPDATE ANA_RELATIONSHIP_PROJECT SET rlp_sequence = 2 WHERE rlp_relationship_fk = 13275;
UPDATE ANA_RELATIONSHIP_PROJECT SET rlp_sequence = 4 WHERE rlp_relationship_fk = 32777;
UPDATE ANA_RELATIONSHIP_PROJECT SET rlp_sequence = null WHERE rlp_relationship_fk = 32722;
UPDATE ANA_RELATIONSHIP_PROJECT SET rlp_sequence = null WHERE rlp_relationship_fk = 32724;
UPDATE ANA_RELATIONSHIP_PROJECT SET rlp_sequence = null WHERE rlp_relationship_fk = 32760;
UPDATE ANA_RELATIONSHIP_PROJECT SET rlp_sequence = null WHERE rlp_relationship_fk = 32775;
UPDATE ANA_RELATIONSHIP_PROJECT SET rlp_sequence = null WHERE rlp_relationship_fk = 32778;
UPDATE ANA_RELATIONSHIP_PROJECT SET rlp_sequence = null WHERE rlp_relationship_fk = 32780;
UPDATE ANA_RELATIONSHIP_PROJECT SET rlp_sequence = 0 WHERE rlp_relationship_fk = 32504;
UPDATE ANA_RELATIONSHIP_PROJECT SET rlp_sequence = 1 WHERE rlp_relationship_fk = 32503;
UPDATE ANA_RELATIONSHIP_PROJECT SET rlp_sequence = 0 WHERE rlp_relationship_fk = 32248;
UPDATE ANA_RELATIONSHIP_PROJECT SET rlp_sequence = 1 WHERE rlp_relationship_fk = 32249;
UPDATE ANA_RELATIONSHIP_PROJECT SET rlp_sequence = 2 WHERE rlp_relationship_fk = 32250;
UPDATE ANA_RELATIONSHIP_PROJECT SET rlp_sequence = 3 WHERE rlp_relationship_fk = 32251;
UPDATE ANA_RELATIONSHIP_PROJECT SET rlp_sequence = 0 WHERE rlp_relationship_fk = 31539;
UPDATE ANA_RELATIONSHIP_PROJECT SET rlp_sequence = 1 WHERE rlp_relationship_fk = 31540;
UPDATE ANA_RELATIONSHIP_PROJECT SET rlp_sequence = 0 WHERE rlp_relationship_fk = 29811;
UPDATE ANA_RELATIONSHIP_PROJECT SET rlp_sequence = 1 WHERE rlp_relationship_fk = 29814;
UPDATE ANA_RELATIONSHIP_PROJECT SET rlp_sequence = 3 WHERE rlp_relationship_fk = 29815;
UPDATE ANA_RELATIONSHIP_PROJECT SET rlp_sequence = 4 WHERE rlp_relationship_fk = 32222;
UPDATE ANA_RELATIONSHIP_PROJECT SET rlp_sequence = 0 WHERE rlp_relationship_fk = 12838;
UPDATE ANA_RELATIONSHIP_PROJECT SET rlp_sequence = 1 WHERE rlp_relationship_fk = 31328;
UPDATE ANA_RELATIONSHIP_PROJECT SET rlp_sequence = 2 WHERE rlp_relationship_fk = 12859;
UPDATE ANA_RELATIONSHIP_PROJECT SET rlp_sequence = 4 WHERE rlp_relationship_fk = 12880;
UPDATE ANA_RELATIONSHIP_PROJECT SET rlp_sequence = 5 WHERE rlp_relationship_fk = 12908;
UPDATE ANA_RELATIONSHIP_PROJECT SET rlp_sequence = 6 WHERE rlp_relationship_fk = 12935;
UPDATE ANA_RELATIONSHIP_PROJECT SET rlp_sequence = 7 WHERE rlp_relationship_fk = 12929;
UPDATE ANA_RELATIONSHIP_PROJECT SET rlp_sequence = 8 WHERE rlp_relationship_fk = 32727;
UPDATE ANA_RELATIONSHIP_PROJECT SET rlp_sequence = 0 WHERE rlp_relationship_fk = 29806;
UPDATE ANA_RELATIONSHIP_PROJECT SET rlp_sequence = 1 WHERE rlp_relationship_fk = 29809;
UPDATE ANA_RELATIONSHIP_PROJECT SET rlp_sequence = 3 WHERE rlp_relationship_fk = 29810;
UPDATE ANA_RELATIONSHIP_PROJECT SET rlp_sequence = 4 WHERE rlp_relationship_fk = 32221;
UPDATE ANA_RELATIONSHIP_PROJECT SET rlp_sequence = 0 WHERE rlp_relationship_fk = 32718;
UPDATE ANA_RELATIONSHIP_PROJECT SET rlp_sequence = 1 WHERE rlp_relationship_fk = 32717;
UPDATE ANA_RELATIONSHIP_PROJECT SET rlp_sequence = 2 WHERE rlp_relationship_fk = 32255;
UPDATE ANA_RELATIONSHIP_PROJECT SET rlp_sequence = 3 WHERE rlp_relationship_fk = 32256;
UPDATE ANA_RELATIONSHIP_PROJECT SET rlp_sequence = 4 WHERE rlp_relationship_fk = 32257;
UPDATE ANA_RELATIONSHIP_PROJECT SET rlp_sequence = 5 WHERE rlp_relationship_fk = 32258;
UPDATE ANA_RELATIONSHIP_PROJECT SET rlp_sequence = 6 WHERE rlp_relationship_fk = 32259;
UPDATE ANA_RELATIONSHIP_PROJECT SET rlp_sequence = 0 WHERE rlp_relationship_fk = 27024;
UPDATE ANA_RELATIONSHIP_PROJECT SET rlp_sequence = 2 WHERE rlp_relationship_fk = 27025;


-- ANA_LOG

-- =======


INSERT INTO ANA_LOG (log_oid, log_logged_oid, log_column_name, log_old_value, log_version_fk) VALUES (9232, 31641, 'ANO_COMPONENT_NAME', 'glandular tissue of seminal vesicle', 33541);
INSERT INTO ANA_LOG (log_oid, log_logged_oid, log_column_name, log_old_value, log_version_fk) VALUES (9233, 31641, 'ANO_IS_PRIMARY', '1', 33541);
INSERT INTO ANA_LOG (log_oid, log_logged_oid, log_column_name, log_old_value, log_version_fk) VALUES (9234, 31641, 'ANO_OID', '28957', 33541);
INSERT INTO ANA_LOG (log_oid, log_logged_oid, log_column_name, log_old_value, log_version_fk) VALUES (9235, 31641, 'ANO_PUBLIC_ID', 'EMAPA:29321', 33541);
INSERT INTO ANA_LOG (log_oid, log_logged_oid, log_column_name, log_old_value, log_version_fk) VALUES (9236, 31641, 'ANO_SPECIES_FK', 'mouse', 33541);
INSERT INTO ANA_LOG (log_oid, log_logged_oid, log_column_name, log_old_value, log_version_fk) VALUES (9237, 31642, 'ATN_OID', '29598', 33541);
INSERT INTO ANA_LOG (log_oid, log_logged_oid, log_column_name, log_old_value, log_version_fk) VALUES (9238, 31642, 'ATN_STAGE_FK', '30', 33541);
INSERT INTO ANA_LOG (log_oid, log_logged_oid, log_column_name, log_old_value, log_version_fk) VALUES (9239, 31642, 'ATN_STAGE_MODIFIER_FK', 'null', 33541);
INSERT INTO ANA_LOG (log_oid, log_logged_oid, log_column_name, log_old_value, log_version_fk) VALUES (9240, 31642, 'ATN_PUBLIC_ID', 'EMAP:29322', 33541);
INSERT INTO ANA_LOG (log_oid, log_logged_oid, log_column_name, log_old_value, log_version_fk) VALUES (9241, 31642, 'ATN_NODE_FK', '28957', 33541);
INSERT INTO ANA_LOG (log_oid, log_logged_oid, log_column_name, log_old_value, log_version_fk) VALUES (9242, 31643, 'ATN_OID', '29597', 33541);
INSERT INTO ANA_LOG (log_oid, log_logged_oid, log_column_name, log_old_value, log_version_fk) VALUES (9243, 31643, 'ATN_STAGE_FK', '31', 33541);
INSERT INTO ANA_LOG (log_oid, log_logged_oid, log_column_name, log_old_value, log_version_fk) VALUES (9244, 31643, 'ATN_STAGE_MODIFIER_FK', 'null', 33541);
INSERT INTO ANA_LOG (log_oid, log_logged_oid, log_column_name, log_old_value, log_version_fk) VALUES (9245, 31643, 'ATN_PUBLIC_ID', 'EMAP:29323', 33541);
INSERT INTO ANA_LOG (log_oid, log_logged_oid, log_column_name, log_old_value, log_version_fk) VALUES (9246, 31643, 'ATN_NODE_FK', '28957', 33541);
INSERT INTO ANA_LOG (log_oid, log_logged_oid, log_column_name, log_old_value, log_version_fk) VALUES (9247, 31644, 'ATN_OID', '31057', 33541);
INSERT INTO ANA_LOG (log_oid, log_logged_oid, log_column_name, log_old_value, log_version_fk) VALUES (9248, 31644, 'ATN_STAGE_FK', '30084', 33541);
INSERT INTO ANA_LOG (log_oid, log_logged_oid, log_column_name, log_old_value, log_version_fk) VALUES (9249, 31644, 'ATN_STAGE_MODIFIER_FK', 'null', 33541);
INSERT INTO ANA_LOG (log_oid, log_logged_oid, log_column_name, log_old_value, log_version_fk) VALUES (9250, 31644, 'ATN_PUBLIC_ID', 'EMAP:30189', 33541);
INSERT INTO ANA_LOG (log_oid, log_logged_oid, log_column_name, log_old_value, log_version_fk) VALUES (9251, 31644, 'ATN_NODE_FK', '28957', 33541);
INSERT INTO ANA_LOG (log_oid, log_logged_oid, log_column_name, log_old_value, log_version_fk) VALUES (9252, 31645, 'REL_OID', '32247', 33541);
INSERT INTO ANA_LOG (log_oid, log_logged_oid, log_column_name, log_old_value, log_version_fk) VALUES (9253, 31645, 'REL_RELATIONSHIP_TYPE_FK', 'part-of', 33541);
INSERT INTO ANA_LOG (log_oid, log_logged_oid, log_column_name, log_old_value, log_version_fk) VALUES (9254, 31645, 'REL_PARENT_FK', '31697', 33541);
INSERT INTO ANA_LOG (log_oid, log_logged_oid, log_column_name, log_old_value, log_version_fk) VALUES (9255, 31645, 'REL_CHILD_FK', '28957', 33541);
INSERT INTO ANA_LOG (log_oid, log_logged_oid, log_column_name, log_old_value, log_version_fk) VALUES (9256, 31646, 'ANO_COMPONENT_NAME', 'rest of the seminal vesicle', 33541);
INSERT INTO ANA_LOG (log_oid, log_logged_oid, log_column_name, log_old_value, log_version_fk) VALUES (9257, 31646, 'ANO_IS_PRIMARY', '1', 33541);
INSERT INTO ANA_LOG (log_oid, log_logged_oid, log_column_name, log_old_value, log_version_fk) VALUES (9258, 31646, 'ANO_OID', '28956', 33541);
INSERT INTO ANA_LOG (log_oid, log_logged_oid, log_column_name, log_old_value, log_version_fk) VALUES (9259, 31646, 'ANO_PUBLIC_ID', 'EMAPA:29286', 33541);
INSERT INTO ANA_LOG (log_oid, log_logged_oid, log_column_name, log_old_value, log_version_fk) VALUES (9260, 31646, 'ANO_SPECIES_FK', 'mouse', 33541);
INSERT INTO ANA_LOG (log_oid, log_logged_oid, log_column_name, log_old_value, log_version_fk) VALUES (9261, 31647, 'ATN_OID', '29596', 33541);
INSERT INTO ANA_LOG (log_oid, log_logged_oid, log_column_name, log_old_value, log_version_fk) VALUES (9262, 31647, 'ATN_STAGE_FK', '29', 33541);
INSERT INTO ANA_LOG (log_oid, log_logged_oid, log_column_name, log_old_value, log_version_fk) VALUES (9263, 31647, 'ATN_STAGE_MODIFIER_FK', 'null', 33541);
INSERT INTO ANA_LOG (log_oid, log_logged_oid, log_column_name, log_old_value, log_version_fk) VALUES (9264, 31647, 'ATN_PUBLIC_ID', 'EMAP:29287', 33541);
INSERT INTO ANA_LOG (log_oid, log_logged_oid, log_column_name, log_old_value, log_version_fk) VALUES (9265, 31647, 'ATN_NODE_FK', '28956', 33541);
INSERT INTO ANA_LOG (log_oid, log_logged_oid, log_column_name, log_old_value, log_version_fk) VALUES (9266, 31648, 'REL_OID', '32246', 33541);
INSERT INTO ANA_LOG (log_oid, log_logged_oid, log_column_name, log_old_value, log_version_fk) VALUES (9267, 31648, 'REL_RELATIONSHIP_TYPE_FK', 'part-of', 33541);
INSERT INTO ANA_LOG (log_oid, log_logged_oid, log_column_name, log_old_value, log_version_fk) VALUES (9268, 31648, 'REL_PARENT_FK', '31697', 33541);
INSERT INTO ANA_LOG (log_oid, log_logged_oid, log_column_name, log_old_value, log_version_fk) VALUES (9269, 31648, 'REL_CHILD_FK', '28956', 33541);
INSERT INTO ANA_LOG (log_oid, log_logged_oid, log_column_name, log_old_value, log_version_fk) VALUES (9270, 31649, 'ANO_COMPONENT_NAME', 'duct of the seminal vesicle', 33541);
INSERT INTO ANA_LOG (log_oid, log_logged_oid, log_column_name, log_old_value, log_version_fk) VALUES (9271, 31649, 'ANO_IS_PRIMARY', '1', 33541);
INSERT INTO ANA_LOG (log_oid, log_logged_oid, log_column_name, log_old_value, log_version_fk) VALUES (9272, 31649, 'ANO_OID', '28955', 33541);
INSERT INTO ANA_LOG (log_oid, log_logged_oid, log_column_name, log_old_value, log_version_fk) VALUES (9273, 31649, 'ANO_PUBLIC_ID', 'EMAPA:29282', 33541);
INSERT INTO ANA_LOG (log_oid, log_logged_oid, log_column_name, log_old_value, log_version_fk) VALUES (9274, 31649, 'ANO_SPECIES_FK', 'mouse', 33541);
INSERT INTO ANA_LOG (log_oid, log_logged_oid, log_column_name, log_old_value, log_version_fk) VALUES (9275, 31650, 'ATN_OID', '29593', 33541);
INSERT INTO ANA_LOG (log_oid, log_logged_oid, log_column_name, log_old_value, log_version_fk) VALUES (9276, 31650, 'ATN_STAGE_FK', '29', 33541);
INSERT INTO ANA_LOG (log_oid, log_logged_oid, log_column_name, log_old_value, log_version_fk) VALUES (9277, 31650, 'ATN_STAGE_MODIFIER_FK', 'null', 33541);
INSERT INTO ANA_LOG (log_oid, log_logged_oid, log_column_name, log_old_value, log_version_fk) VALUES (9278, 31650, 'ATN_PUBLIC_ID', 'EMAP:29283', 33541);
INSERT INTO ANA_LOG (log_oid, log_logged_oid, log_column_name, log_old_value, log_version_fk) VALUES (9279, 31650, 'ATN_NODE_FK', '28955', 33541);
INSERT INTO ANA_LOG (log_oid, log_logged_oid, log_column_name, log_old_value, log_version_fk) VALUES (9280, 31651, 'ATN_OID', '29594', 33541);
INSERT INTO ANA_LOG (log_oid, log_logged_oid, log_column_name, log_old_value, log_version_fk) VALUES (9281, 31651, 'ATN_STAGE_FK', '30', 33541);
INSERT INTO ANA_LOG (log_oid, log_logged_oid, log_column_name, log_old_value, log_version_fk) VALUES (9282, 31651, 'ATN_STAGE_MODIFIER_FK', 'null', 33541);
INSERT INTO ANA_LOG (log_oid, log_logged_oid, log_column_name, log_old_value, log_version_fk) VALUES (9283, 31651, 'ATN_PUBLIC_ID', 'EMAP:29284', 33541);
INSERT INTO ANA_LOG (log_oid, log_logged_oid, log_column_name, log_old_value, log_version_fk) VALUES (9284, 31651, 'ATN_NODE_FK', '28955', 33541);
INSERT INTO ANA_LOG (log_oid, log_logged_oid, log_column_name, log_old_value, log_version_fk) VALUES (9285, 31652, 'ATN_OID', '29595', 33541);
INSERT INTO ANA_LOG (log_oid, log_logged_oid, log_column_name, log_old_value, log_version_fk) VALUES (9286, 31652, 'ATN_STAGE_FK', '31', 33541);
INSERT INTO ANA_LOG (log_oid, log_logged_oid, log_column_name, log_old_value, log_version_fk) VALUES (9287, 31652, 'ATN_STAGE_MODIFIER_FK', 'null', 33541);
INSERT INTO ANA_LOG (log_oid, log_logged_oid, log_column_name, log_old_value, log_version_fk) VALUES (9288, 31652, 'ATN_PUBLIC_ID', 'EMAP:29285', 33541);
INSERT INTO ANA_LOG (log_oid, log_logged_oid, log_column_name, log_old_value, log_version_fk) VALUES (9289, 31652, 'ATN_NODE_FK', '28955', 33541);
INSERT INTO ANA_LOG (log_oid, log_logged_oid, log_column_name, log_old_value, log_version_fk) VALUES (9290, 31653, 'ATN_OID', '31056', 33541);
INSERT INTO ANA_LOG (log_oid, log_logged_oid, log_column_name, log_old_value, log_version_fk) VALUES (9291, 31653, 'ATN_STAGE_FK', '30084', 33541);
INSERT INTO ANA_LOG (log_oid, log_logged_oid, log_column_name, log_old_value, log_version_fk) VALUES (9292, 31653, 'ATN_STAGE_MODIFIER_FK', 'null', 33541);
INSERT INTO ANA_LOG (log_oid, log_logged_oid, log_column_name, log_old_value, log_version_fk) VALUES (9293, 31653, 'ATN_PUBLIC_ID', 'EMAP:30190', 33541);
INSERT INTO ANA_LOG (log_oid, log_logged_oid, log_column_name, log_old_value, log_version_fk) VALUES (9294, 31653, 'ATN_NODE_FK', '28955', 33541);
INSERT INTO ANA_LOG (log_oid, log_logged_oid, log_column_name, log_old_value, log_version_fk) VALUES (9295, 31654, 'REL_OID', '32245', 33541);
INSERT INTO ANA_LOG (log_oid, log_logged_oid, log_column_name, log_old_value, log_version_fk) VALUES (9296, 31654, 'REL_RELATIONSHIP_TYPE_FK', 'part-of', 33541);
INSERT INTO ANA_LOG (log_oid, log_logged_oid, log_column_name, log_old_value, log_version_fk) VALUES (9297, 31654, 'REL_PARENT_FK', '31697', 33541);
INSERT INTO ANA_LOG (log_oid, log_logged_oid, log_column_name, log_old_value, log_version_fk) VALUES (9298, 31654, 'REL_CHILD_FK', '28955', 33541);
INSERT INTO ANA_LOG (log_oid, log_logged_oid, log_column_name, log_old_value, log_version_fk) VALUES (9299, 31655, 'ANO_COMPONENT_NAME', 'rest of ejaculatory duct', 33541);
INSERT INTO ANA_LOG (log_oid, log_logged_oid, log_column_name, log_old_value, log_version_fk) VALUES (9300, 31655, 'ANO_IS_PRIMARY', '1', 33541);
INSERT INTO ANA_LOG (log_oid, log_logged_oid, log_column_name, log_old_value, log_version_fk) VALUES (9301, 31655, 'ANO_OID', '28931', 33541);
INSERT INTO ANA_LOG (log_oid, log_logged_oid, log_column_name, log_old_value, log_version_fk) VALUES (9302, 31655, 'ANO_PUBLIC_ID', 'EMAPA:29788', 33541);
INSERT INTO ANA_LOG (log_oid, log_logged_oid, log_column_name, log_old_value, log_version_fk) VALUES (9303, 31655, 'ANO_SPECIES_FK', 'mouse', 33541);
INSERT INTO ANA_LOG (log_oid, log_logged_oid, log_column_name, log_old_value, log_version_fk) VALUES (9304, 31656, 'ATN_OID', '29540', 33541);
INSERT INTO ANA_LOG (log_oid, log_logged_oid, log_column_name, log_old_value, log_version_fk) VALUES (9305, 31656, 'ATN_STAGE_FK', '32', 33541);
INSERT INTO ANA_LOG (log_oid, log_logged_oid, log_column_name, log_old_value, log_version_fk) VALUES (9306, 31656, 'ATN_STAGE_MODIFIER_FK', 'null', 33541);
INSERT INTO ANA_LOG (log_oid, log_logged_oid, log_column_name, log_old_value, log_version_fk) VALUES (9307, 31656, 'ATN_PUBLIC_ID', 'EMAP:29789', 33541);
INSERT INTO ANA_LOG (log_oid, log_logged_oid, log_column_name, log_old_value, log_version_fk) VALUES (9308, 31656, 'ATN_NODE_FK', '28931', 33541);
INSERT INTO ANA_LOG (log_oid, log_logged_oid, log_column_name, log_old_value, log_version_fk) VALUES (9309, 31657, 'REL_OID', '29890', 33541);
INSERT INTO ANA_LOG (log_oid, log_logged_oid, log_column_name, log_old_value, log_version_fk) VALUES (9310, 31657, 'REL_RELATIONSHIP_TYPE_FK', 'part-of', 33541);
INSERT INTO ANA_LOG (log_oid, log_logged_oid, log_column_name, log_old_value, log_version_fk) VALUES (9311, 31657, 'REL_PARENT_FK', '13929', 33541);
INSERT INTO ANA_LOG (log_oid, log_logged_oid, log_column_name, log_old_value, log_version_fk) VALUES (9312, 31657, 'REL_CHILD_FK', '28931', 33541);


-- DELETION FROM ANA_OBJECT, ANA_NODE, ANA_RELATIONSHIP, ANA_TIMED_NODE, ANA_SYNONYM

-- =================================================================================


-- Deleting component EMAPA:29321 glandular tissue of seminal vesicle --
-- Deleting EMAPA:29321's relationship object IDs --
-- Deleting EMAPA:29321's time component object IDs --
-- Deleting EMAPA:29321's synonym object IDs --
DELETE FROM ANA_RELATIONSHIP_PROJECT WHERE rlp_relationship_fk = 32247;
DELETE FROM ANAD_RELATIONSHIP_TRANSITIVE WHERE rtr_descendent_fk = 28957;
DELETE FROM ANAD_PART_OF WHERE apo_node_fk = 28957;
DELETE FROM ANA_TIMED_NODE WHERE atn_node_fk = 28957;
DELETE FROM ANA_NODE WHERE ano_oid = 28957;
DELETE FROM ANA_RELATIONSHIP WHERE rel_child_fk = 28957;
DELETE FROM ANA_SYNONYM WHERE syn_object_fk = 28957;
DELETE FROM ANA_OBJECT WHERE obj_oid = 28957;
DELETE FROM ANA_OBJECT WHERE obj_oid = 32247;
DELETE FROM ANA_OBJECT WHERE obj_oid = 29598;
DELETE FROM ANA_OBJECT WHERE obj_oid = 29597;
DELETE FROM ANA_OBJECT WHERE obj_oid = 31057;

-- Deleting component EMAPA:29286 rest of the seminal vesicle --
-- Deleting EMAPA:29286's relationship object IDs --
-- Deleting EMAPA:29286's time component object IDs --
-- Deleting EMAPA:29286's synonym object IDs --
DELETE FROM ANA_RELATIONSHIP_PROJECT WHERE rlp_relationship_fk = 32246;
DELETE FROM ANAD_RELATIONSHIP_TRANSITIVE WHERE rtr_descendent_fk = 28956;
DELETE FROM ANAD_PART_OF WHERE apo_node_fk = 28956;
DELETE FROM ANA_TIMED_NODE WHERE atn_node_fk = 28956;
DELETE FROM ANA_NODE WHERE ano_oid = 28956;
DELETE FROM ANA_RELATIONSHIP WHERE rel_child_fk = 28956;
DELETE FROM ANA_SYNONYM WHERE syn_object_fk = 28956;
DELETE FROM ANA_OBJECT WHERE obj_oid = 28956;
DELETE FROM ANA_OBJECT WHERE obj_oid = 32246;
DELETE FROM ANA_OBJECT WHERE obj_oid = 29596;

-- Deleting component EMAPA:29282 duct of the seminal vesicle --
-- Deleting EMAPA:29282's relationship object IDs --
-- Deleting EMAPA:29282's time component object IDs --
-- Deleting EMAPA:29282's synonym object IDs --
DELETE FROM ANA_RELATIONSHIP_PROJECT WHERE rlp_relationship_fk = 32245;
DELETE FROM ANAD_RELATIONSHIP_TRANSITIVE WHERE rtr_descendent_fk = 28955;
DELETE FROM ANAD_PART_OF WHERE apo_node_fk = 28955;
DELETE FROM ANA_TIMED_NODE WHERE atn_node_fk = 28955;
DELETE FROM ANA_NODE WHERE ano_oid = 28955;
DELETE FROM ANA_RELATIONSHIP WHERE rel_child_fk = 28955;
DELETE FROM ANA_SYNONYM WHERE syn_object_fk = 28955;
DELETE FROM ANA_OBJECT WHERE obj_oid = 28955;
DELETE FROM ANA_OBJECT WHERE obj_oid = 32245;
DELETE FROM ANA_OBJECT WHERE obj_oid = 29593;
DELETE FROM ANA_OBJECT WHERE obj_oid = 29594;
DELETE FROM ANA_OBJECT WHERE obj_oid = 29595;
DELETE FROM ANA_OBJECT WHERE obj_oid = 31056;

-- Deleting component EMAPA:29788 rest of ejaculatory duct --
-- Deleting EMAPA:29788's relationship object IDs --
-- Deleting EMAPA:29788's time component object IDs --
-- Deleting EMAPA:29788's synonym object IDs --
DELETE FROM ANA_RELATIONSHIP_PROJECT WHERE rlp_relationship_fk = 29890;
DELETE FROM ANAD_RELATIONSHIP_TRANSITIVE WHERE rtr_descendent_fk = 28931;
DELETE FROM ANAD_PART_OF WHERE apo_node_fk = 28931;
DELETE FROM ANA_TIMED_NODE WHERE atn_node_fk = 28931;
DELETE FROM ANA_NODE WHERE ano_oid = 28931;
DELETE FROM ANA_RELATIONSHIP WHERE rel_child_fk = 28931;
DELETE FROM ANA_SYNONYM WHERE syn_object_fk = 28931;
DELETE FROM ANA_OBJECT WHERE obj_oid = 28931;
DELETE FROM ANA_OBJECT WHERE obj_oid = 29890;
DELETE FROM ANA_OBJECT WHERE obj_oid = 29540;



-- REORDERING RLP_SEQUENCE IN ANA_RELATIONSHIP_PROJECT FOR DELETED COMPONENTS

-- ========================================================================== 


UPDATE ANA_RELATIONSHIP_PROJECT SET rlp_sequence = 0 WHERE rlp_relationship_fk = 32285;
UPDATE ANA_RELATIONSHIP_PROJECT SET rlp_sequence = 1 WHERE rlp_relationship_fk = 31492;
UPDATE ANA_RELATIONSHIP_PROJECT SET rlp_sequence = 2 WHERE rlp_relationship_fk = 31487;
UPDATE ANA_RELATIONSHIP_PROJECT SET rlp_sequence = 3 WHERE rlp_relationship_fk = 31488;
UPDATE ANA_RELATIONSHIP_PROJECT SET rlp_sequence = 4 WHERE rlp_relationship_fk = 31489;
UPDATE ANA_RELATIONSHIP_PROJECT SET rlp_sequence = 5 WHERE rlp_relationship_fk = 31494;
UPDATE ANA_RELATIONSHIP_PROJECT SET rlp_sequence = 6 WHERE rlp_relationship_fk = 31490;
UPDATE ANA_RELATIONSHIP_PROJECT SET rlp_sequence = 7 WHERE rlp_relationship_fk = 31495;
UPDATE ANA_RELATIONSHIP_PROJECT SET rlp_sequence = 8 WHERE rlp_relationship_fk = 31496;
UPDATE ANA_RELATIONSHIP_PROJECT SET rlp_sequence = 9 WHERE rlp_relationship_fk = 31498;
UPDATE ANA_RELATIONSHIP_PROJECT SET rlp_sequence = 10 WHERE rlp_relationship_fk = 31491;
UPDATE ANA_RELATIONSHIP_PROJECT SET rlp_sequence = 0 WHERE rlp_relationship_fk = 32148;
UPDATE ANA_RELATIONSHIP_PROJECT SET rlp_sequence = 1 WHERE rlp_relationship_fk = 32150;
UPDATE ANA_RELATIONSHIP_PROJECT SET rlp_sequence = 2 WHERE rlp_relationship_fk = 32151;
UPDATE ANA_RELATIONSHIP_PROJECT SET rlp_sequence = 3 WHERE rlp_relationship_fk = 32152;
UPDATE ANA_RELATIONSHIP_PROJECT SET rlp_sequence = 4 WHERE rlp_relationship_fk = 32162;
UPDATE ANA_RELATIONSHIP_PROJECT SET rlp_sequence = 5 WHERE rlp_relationship_fk = 32140;
UPDATE ANA_RELATIONSHIP_PROJECT SET rlp_sequence = 6 WHERE rlp_relationship_fk = 32154;
UPDATE ANA_RELATIONSHIP_PROJECT SET rlp_sequence = 7 WHERE rlp_relationship_fk = 32155;
UPDATE ANA_RELATIONSHIP_PROJECT SET rlp_sequence = 8 WHERE rlp_relationship_fk = 32153;
UPDATE ANA_RELATIONSHIP_PROJECT SET rlp_sequence = 9 WHERE rlp_relationship_fk = 32161;
UPDATE ANA_RELATIONSHIP_PROJECT SET rlp_sequence = 10 WHERE rlp_relationship_fk = 32163;
UPDATE ANA_RELATIONSHIP_PROJECT SET rlp_sequence = 11 WHERE rlp_relationship_fk = 32164;
UPDATE ANA_RELATIONSHIP_PROJECT SET rlp_sequence = 12 WHERE rlp_relationship_fk = 32300;
UPDATE ANA_RELATIONSHIP_PROJECT SET rlp_sequence = 13 WHERE rlp_relationship_fk = 32301;
UPDATE ANA_RELATIONSHIP_PROJECT SET rlp_sequence = 14 WHERE rlp_relationship_fk = 32298;
UPDATE ANA_RELATIONSHIP_PROJECT SET rlp_sequence = 15 WHERE rlp_relationship_fk = 32304;
UPDATE ANA_RELATIONSHIP_PROJECT SET rlp_sequence = 16 WHERE rlp_relationship_fk = 32324;


-- -------------------------------------------------------------------------------------------------------------------------
-- -------------------------------------------------------------------------------------------------------------------------
-- -------------------------------------------------------------------------------------------------------------------------

-- DATABASE UPDATE SUMMARY
-- =======================

-- ALLOWED UPDATES
-- -------------
-- Total Components from OBO File: 5278

-- NEW      : 57

-- MODIFIED : 83

-- DELETED  : 4

-- BLOCKED UPDATES
-- -------------
-- Total Components containing rule violations: 0

-- Modified Components with rule violations: 0

-- Deleted Components with rule violations: 0


-- ANA_VERSION INSERT SUMMARY
-- ==========================
-- Object id for update starts at 33541
-- Number of Records Inserted is always 1 if an update takes place.

-- ANA_NODE INSERT SUMMARY
-- =======================
-- EMAPA:ID assigned for new components created by user: 
-- Number of OID Records Inserted for New Components in ANA_OBJECT: 57
-- 1. Created by user: JFA:0002033 basal cell layer of bladder : Assigned ID: EMAPA:32258
-- 2. Created by user: JFA:0002032 superficial cell layer of bladder : Assigned ID: EMAPA:32259
-- 3. Created by user: JFA:0002035 submucosa of fundus : Assigned ID: EMAPA:32260
-- 4. Created by user: JFA:0002034 submucosa of bladder : Assigned ID: EMAPA:32261
-- 5. Created by user: JFA:0002037 submucosa of neck : Assigned ID: EMAPA:32262
-- 6. Created by user: JFA:0002036 submucosa of trigone : Assigned ID: EMAPA:32263
-- 7. Created by user: JFA:0002039 intermediate cell layer of ventral pelvic urethra of female : Assigned ID: EMAPA:32264
-- 8. Created by user: JFA:0002038 intermediate cell layer of dorsal pelvic urethra of female : Assigned ID: EMAPA:32265
-- 9. Created by user: JFA:0002046 intermediate cell layer of dorsal pelvic urethra of male : Assigned ID: EMAPA:32266
-- 10. Created by user: JFA:0002045 submucosa of ventral pelvic urethra of female : Assigned ID: EMAPA:32267
-- 11. Created by user: JFA:0002044 muscularis mucosa of ventral pelvic urethra of female : Assigned ID: EMAPA:32268
-- 12. Created by user: JFA:0002043 lamina propria of ventral pelvic urethra of female : Assigned ID: EMAPA:32269
-- 13. Created by user: JFA:0002049 muscularis mucosa of dorsal pelvic urethra of male : Assigned ID: EMAPA:32270
-- 14. Created by user: JFA:0002048 lamina propria of dorsal pelvic urethra of male : Assigned ID: EMAPA:32271
-- 15. Created by user: JFA:0002047 intermediate cell layer of ventral pelvic urethra of male : Assigned ID: EMAPA:32272
-- 16. Created by user: JFA:0002042 submucosa of dorsal pelvic urethra of female : Assigned ID: EMAPA:32273
-- 17. Created by user: JFA:0002041 muscularis mucosa of dorsal pelvic urethra of female : Assigned ID: EMAPA:32274
-- 18. Created by user: JFA:0002040 lamina propria of dorsal pelvic urethra of female : Assigned ID: EMAPA:32275
-- 19. Created by user: JFA:0002050 submucosa of dorsal pelvic urethra of male : Assigned ID: EMAPA:32276
-- 20. Created by user: JFA:0002051 lamina propria of ventral pelvic urethra of male : Assigned ID: EMAPA:32277
-- 21. Created by user: JFA:0002052 muscularis mucosa of ventral pelvic urethra of male : Assigned ID: EMAPA:32278
-- 22. Created by user: JFA:0002053 submucosa of ventral urethra of male : Assigned ID: EMAPA:32279
-- 23. Created by user: JFA:0002054 intermediate cell layer of prostatic urethra : Assigned ID: EMAPA:32280
-- 24. Created by user: JFA:0002055 lamina propria of prostatic urethra : Assigned ID: EMAPA:32281
-- 25. Created by user: JFA:0002056 muscularis mucosa of prostatic urethra : Assigned ID: EMAPA:32282
-- 26. Created by user: JFA:0002057 submucosa of prostatic urethra : Assigned ID: EMAPA:32283
-- 27. Created by user: EMAPA:32259 urothelium of dorsal pelvic urethra of male : Assigned ID: EMAPA:32284
-- 28. Created by user: EMAPA:32258 vasculature of pelvic urethra of female : Assigned ID: EMAPA:32285
-- 29. Created by user: EMAPA:32261 superficial cell layer of ventral pelvic urethra of male : Assigned ID: EMAPA:32286
-- 30. Created by user: EMAPA:32262 nerve of prostate gland : Assigned ID: EMAPA:32287
-- 31. Created by user: EMAPA:32260 neural crest derivatives of pelvic urethra of male : Assigned ID: EMAPA:32288
-- 32. Created by user: EMAPA:32285 urothelium of ventral pelvic urethra of female : Assigned ID: EMAPA:32289
-- 33. Created by user: EMAPA:32286 basal cell layer of ventral pelvic urethra of female : Assigned ID: EMAPA:32290
-- 34. Created by user: EMAPA:32287 superficial cell layer of ventral pelvic urethra of female : Assigned ID: EMAPA:32291
-- 35. Created by user: EMAPA:32288 neural crest derivatives of pelvic urethra of female : Assigned ID: EMAPA:32292
-- 36. Created by user: EMAPA:32276 mesenchymal pad of pelvic urethra of female : Assigned ID: EMAPA:32293
-- 37. Created by user: EMAPA:32277 epithelial layer of prostate gland : Assigned ID: EMAPA:32294
-- 38. Created by user: EMAPA:32274 muscle layer of ejaculatory duct : Assigned ID: EMAPA:32295
-- 39. Created by user: EMAPA:32275 mesenchymal pad of pelvic urethra of male : Assigned ID: EMAPA:32296
-- 40. Created by user: EMAPA:32278 peri-prostatic mesenchyme of prostate gland : Assigned ID: EMAPA:32297
-- 41. Created by user: EMAPA:32279 smooth muscle layer of prostatic urethra : Assigned ID: EMAPA:32298
-- 42. Created by user: EMAPA:32280 nerve of prostatic urethra : Assigned ID: EMAPA:32299
-- 43. Created by user: EMAPA:32284 superficial cell layer of dorsal pelvic urethra of female : Assigned ID: EMAPA:32300
-- 44. Created by user: EMAPA:32283 basal cell layer of dorsal pelvic urethra of female : Assigned ID: EMAPA:32301
-- 45. Created by user: EMAPA:32282 urothelium of dorsal pelvic urethra of female : Assigned ID: EMAPA:32302
-- 46. Created by user: EMAPA:32281 vasculature of prostatic urethra : Assigned ID: EMAPA:32303
-- 47. Created by user: EMAPA:32263 vasculature of pelvic urethra of male : Assigned ID: EMAPA:32304
-- 48. Created by user: EMAPA:32264 superficial cell layer of dorsal pelvic urethra of male : Assigned ID: EMAPA:32305
-- 49. Created by user: EMAPA:32265 basal cell layer of dorsal pelvic urethra of male : Assigned ID: EMAPA:32306
-- 50. Created by user: EMAPA:32266 basal cell layer of ventral pelvic urethra of male : Assigned ID: EMAPA:32307
-- 51. Created by user: EMAPA:32267 urothelium of ventral pelvic urethra of male : Assigned ID: EMAPA:32308
-- 52. Created by user: EMAPA:32268 mesenchymal layer of lower part of vagina : Assigned ID: EMAPA:32309
-- 53. Created by user: EMAPA:32269 mesenchymal layer of upper part of vagina : Assigned ID: EMAPA:32310
-- 54. Created by user: EMAPA:32271 superficial cell layer of prostatic urethra : Assigned ID: EMAPA:32311
-- 55. Created by user: EMAPA:32270 striated muscle layer of prostatic urethra : Assigned ID: EMAPA:32312
-- 56. Created by user: EMAPA:32273 mesenchymal layer of ejaculatory duct : Assigned ID: EMAPA:32313
-- 57. Created by user: EMAPA:32272 basal cell layer of prostatic urethra : Assigned ID: EMAPA:32314
-- Number of Records Inserted: 57

-- ANA_RELATIONSHIP INSERT SUMMARY
-- ===============================
-- Number of OID Records Inserted for New part-of Links in ANA_OBJECT: 57
-- Number of Records Inserted: 0

-- ANA_TIMED_NODE INSERT SUMMARY
-- =============================
-- EMAP:ID for Time Components created for new Components: 
-- 1. Time component created for new component JFA:0002033 basal cell layer of bladder : EMAP:32315 for TS22
-- 2. Time component created for new component JFA:0002033 basal cell layer of bladder : EMAP:32316 for TS23
-- 3. Time component created for new component JFA:0002033 basal cell layer of bladder : EMAP:32317 for TS24
-- 4. Time component created for new component JFA:0002033 basal cell layer of bladder : EMAP:32318 for TS25
-- 5. Time component created for new component JFA:0002033 basal cell layer of bladder : EMAP:32319 for TS26
-- 6. Time component created for new component JFA:0002033 basal cell layer of bladder : EMAP:32320 for TS27
-- 7. Time component created for new component JFA:0002033 basal cell layer of bladder : EMAP:32321 for TS28
-- 8. Time component created for new component JFA:0002032 superficial cell layer of bladder : EMAP:32322 for TS22
-- 9. Time component created for new component JFA:0002032 superficial cell layer of bladder : EMAP:32323 for TS23
-- 10. Time component created for new component JFA:0002032 superficial cell layer of bladder : EMAP:32324 for TS24
-- 11. Time component created for new component JFA:0002032 superficial cell layer of bladder : EMAP:32325 for TS25
-- 12. Time component created for new component JFA:0002032 superficial cell layer of bladder : EMAP:32326 for TS26
-- 13. Time component created for new component JFA:0002032 superficial cell layer of bladder : EMAP:32327 for TS27
-- 14. Time component created for new component JFA:0002032 superficial cell layer of bladder : EMAP:32328 for TS28
-- 15. Time component created for new component JFA:0002035 submucosa of fundus : EMAP:32329 for TS22
-- 16. Time component created for new component JFA:0002035 submucosa of fundus : EMAP:32330 for TS23
-- 17. Time component created for new component JFA:0002035 submucosa of fundus : EMAP:32331 for TS24
-- 18. Time component created for new component JFA:0002035 submucosa of fundus : EMAP:32332 for TS25
-- 19. Time component created for new component JFA:0002035 submucosa of fundus : EMAP:32333 for TS26
-- 20. Time component created for new component JFA:0002035 submucosa of fundus : EMAP:32334 for TS27
-- 21. Time component created for new component JFA:0002035 submucosa of fundus : EMAP:32335 for TS28
-- 22. Time component created for new component JFA:0002034 submucosa of bladder : EMAP:32336 for TS22
-- 23. Time component created for new component JFA:0002034 submucosa of bladder : EMAP:32337 for TS23
-- 24. Time component created for new component JFA:0002034 submucosa of bladder : EMAP:32338 for TS24
-- 25. Time component created for new component JFA:0002034 submucosa of bladder : EMAP:32339 for TS25
-- 26. Time component created for new component JFA:0002034 submucosa of bladder : EMAP:32340 for TS26
-- 27. Time component created for new component JFA:0002034 submucosa of bladder : EMAP:32341 for TS27
-- 28. Time component created for new component JFA:0002034 submucosa of bladder : EMAP:32342 for TS28
-- 29. Time component created for new component JFA:0002037 submucosa of neck : EMAP:32343 for TS22
-- 30. Time component created for new component JFA:0002037 submucosa of neck : EMAP:32344 for TS23
-- 31. Time component created for new component JFA:0002037 submucosa of neck : EMAP:32345 for TS24
-- 32. Time component created for new component JFA:0002037 submucosa of neck : EMAP:32346 for TS25
-- 33. Time component created for new component JFA:0002037 submucosa of neck : EMAP:32347 for TS26
-- 34. Time component created for new component JFA:0002037 submucosa of neck : EMAP:32348 for TS27
-- 35. Time component created for new component JFA:0002037 submucosa of neck : EMAP:32349 for TS28
-- 36. Time component created for new component JFA:0002036 submucosa of trigone : EMAP:32350 for TS22
-- 37. Time component created for new component JFA:0002036 submucosa of trigone : EMAP:32351 for TS23
-- 38. Time component created for new component JFA:0002036 submucosa of trigone : EMAP:32352 for TS24
-- 39. Time component created for new component JFA:0002036 submucosa of trigone : EMAP:32353 for TS25
-- 40. Time component created for new component JFA:0002036 submucosa of trigone : EMAP:32354 for TS26
-- 41. Time component created for new component JFA:0002036 submucosa of trigone : EMAP:32355 for TS27
-- 42. Time component created for new component JFA:0002036 submucosa of trigone : EMAP:32356 for TS28
-- 43. Time component created for new component JFA:0002039 intermediate cell layer of ventral pelvic urethra of female : EMAP:32357 for TS23
-- 44. Time component created for new component JFA:0002039 intermediate cell layer of ventral pelvic urethra of female : EMAP:32358 for TS24
-- 45. Time component created for new component JFA:0002039 intermediate cell layer of ventral pelvic urethra of female : EMAP:32359 for TS25
-- 46. Time component created for new component JFA:0002039 intermediate cell layer of ventral pelvic urethra of female : EMAP:32360 for TS26
-- 47. Time component created for new component JFA:0002039 intermediate cell layer of ventral pelvic urethra of female : EMAP:32361 for TS27
-- 48. Time component created for new component JFA:0002039 intermediate cell layer of ventral pelvic urethra of female : EMAP:32362 for TS28
-- 49. Time component created for new component JFA:0002038 intermediate cell layer of dorsal pelvic urethra of female : EMAP:32363 for TS23
-- 50. Time component created for new component JFA:0002038 intermediate cell layer of dorsal pelvic urethra of female : EMAP:32364 for TS24
-- 51. Time component created for new component JFA:0002038 intermediate cell layer of dorsal pelvic urethra of female : EMAP:32365 for TS25
-- 52. Time component created for new component JFA:0002038 intermediate cell layer of dorsal pelvic urethra of female : EMAP:32366 for TS26
-- 53. Time component created for new component JFA:0002038 intermediate cell layer of dorsal pelvic urethra of female : EMAP:32367 for TS27
-- 54. Time component created for new component JFA:0002038 intermediate cell layer of dorsal pelvic urethra of female : EMAP:32368 for TS28
-- 55. Time component created for new component JFA:0002046 intermediate cell layer of dorsal pelvic urethra of male : EMAP:32369 for TS23
-- 56. Time component created for new component JFA:0002046 intermediate cell layer of dorsal pelvic urethra of male : EMAP:32370 for TS24
-- 57. Time component created for new component JFA:0002046 intermediate cell layer of dorsal pelvic urethra of male : EMAP:32371 for TS25
-- 58. Time component created for new component JFA:0002046 intermediate cell layer of dorsal pelvic urethra of male : EMAP:32372 for TS26
-- 59. Time component created for new component JFA:0002046 intermediate cell layer of dorsal pelvic urethra of male : EMAP:32373 for TS27
-- 60. Time component created for new component JFA:0002046 intermediate cell layer of dorsal pelvic urethra of male : EMAP:32374 for TS28
-- 61. Time component created for new component JFA:0002045 submucosa of ventral pelvic urethra of female : EMAP:32375 for TS25
-- 62. Time component created for new component JFA:0002045 submucosa of ventral pelvic urethra of female : EMAP:32376 for TS26
-- 63. Time component created for new component JFA:0002045 submucosa of ventral pelvic urethra of female : EMAP:32377 for TS27
-- 64. Time component created for new component JFA:0002045 submucosa of ventral pelvic urethra of female : EMAP:32378 for TS28
-- 65. Time component created for new component JFA:0002044 muscularis mucosa of ventral pelvic urethra of female : EMAP:32379 for TS25
-- 66. Time component created for new component JFA:0002044 muscularis mucosa of ventral pelvic urethra of female : EMAP:32380 for TS26
-- 67. Time component created for new component JFA:0002044 muscularis mucosa of ventral pelvic urethra of female : EMAP:32381 for TS27
-- 68. Time component created for new component JFA:0002044 muscularis mucosa of ventral pelvic urethra of female : EMAP:32382 for TS28
-- 69. Time component created for new component JFA:0002043 lamina propria of ventral pelvic urethra of female : EMAP:32383 for TS25
-- 70. Time component created for new component JFA:0002043 lamina propria of ventral pelvic urethra of female : EMAP:32384 for TS26
-- 71. Time component created for new component JFA:0002043 lamina propria of ventral pelvic urethra of female : EMAP:32385 for TS27
-- 72. Time component created for new component JFA:0002043 lamina propria of ventral pelvic urethra of female : EMAP:32386 for TS28
-- 73. Time component created for new component JFA:0002049 muscularis mucosa of dorsal pelvic urethra of male : EMAP:32387 for TS25
-- 74. Time component created for new component JFA:0002049 muscularis mucosa of dorsal pelvic urethra of male : EMAP:32388 for TS26
-- 75. Time component created for new component JFA:0002049 muscularis mucosa of dorsal pelvic urethra of male : EMAP:32389 for TS27
-- 76. Time component created for new component JFA:0002049 muscularis mucosa of dorsal pelvic urethra of male : EMAP:32390 for TS28
-- 77. Time component created for new component JFA:0002048 lamina propria of dorsal pelvic urethra of male : EMAP:32391 for TS25
-- 78. Time component created for new component JFA:0002048 lamina propria of dorsal pelvic urethra of male : EMAP:32392 for TS26
-- 79. Time component created for new component JFA:0002048 lamina propria of dorsal pelvic urethra of male : EMAP:32393 for TS27
-- 80. Time component created for new component JFA:0002048 lamina propria of dorsal pelvic urethra of male : EMAP:32394 for TS28
-- 81. Time component created for new component JFA:0002047 intermediate cell layer of ventral pelvic urethra of male : EMAP:32395 for TS23
-- 82. Time component created for new component JFA:0002047 intermediate cell layer of ventral pelvic urethra of male : EMAP:32396 for TS24
-- 83. Time component created for new component JFA:0002047 intermediate cell layer of ventral pelvic urethra of male : EMAP:32397 for TS25
-- 84. Time component created for new component JFA:0002047 intermediate cell layer of ventral pelvic urethra of male : EMAP:32398 for TS26
-- 85. Time component created for new component JFA:0002047 intermediate cell layer of ventral pelvic urethra of male : EMAP:32399 for TS27
-- 86. Time component created for new component JFA:0002047 intermediate cell layer of ventral pelvic urethra of male : EMAP:32400 for TS28
-- 87. Time component created for new component JFA:0002042 submucosa of dorsal pelvic urethra of female : EMAP:32401 for TS25
-- 88. Time component created for new component JFA:0002042 submucosa of dorsal pelvic urethra of female : EMAP:32402 for TS26
-- 89. Time component created for new component JFA:0002042 submucosa of dorsal pelvic urethra of female : EMAP:32403 for TS27
-- 90. Time component created for new component JFA:0002042 submucosa of dorsal pelvic urethra of female : EMAP:32404 for TS28
-- 91. Time component created for new component JFA:0002041 muscularis mucosa of dorsal pelvic urethra of female : EMAP:32405 for TS25
-- 92. Time component created for new component JFA:0002041 muscularis mucosa of dorsal pelvic urethra of female : EMAP:32406 for TS26
-- 93. Time component created for new component JFA:0002041 muscularis mucosa of dorsal pelvic urethra of female : EMAP:32407 for TS27
-- 94. Time component created for new component JFA:0002041 muscularis mucosa of dorsal pelvic urethra of female : EMAP:32408 for TS28
-- 95. Time component created for new component JFA:0002040 lamina propria of dorsal pelvic urethra of female : EMAP:32409 for TS25
-- 96. Time component created for new component JFA:0002040 lamina propria of dorsal pelvic urethra of female : EMAP:32410 for TS26
-- 97. Time component created for new component JFA:0002040 lamina propria of dorsal pelvic urethra of female : EMAP:32411 for TS27
-- 98. Time component created for new component JFA:0002040 lamina propria of dorsal pelvic urethra of female : EMAP:32412 for TS28
-- 99. Time component created for new component JFA:0002050 submucosa of dorsal pelvic urethra of male : EMAP:32413 for TS25
-- 100. Time component created for new component JFA:0002050 submucosa of dorsal pelvic urethra of male : EMAP:32414 for TS26
-- 101. Time component created for new component JFA:0002050 submucosa of dorsal pelvic urethra of male : EMAP:32415 for TS27
-- 102. Time component created for new component JFA:0002050 submucosa of dorsal pelvic urethra of male : EMAP:32416 for TS28
-- 103. Time component created for new component JFA:0002051 lamina propria of ventral pelvic urethra of male : EMAP:32417 for TS25
-- 104. Time component created for new component JFA:0002051 lamina propria of ventral pelvic urethra of male : EMAP:32418 for TS26
-- 105. Time component created for new component JFA:0002051 lamina propria of ventral pelvic urethra of male : EMAP:32419 for TS27
-- 106. Time component created for new component JFA:0002051 lamina propria of ventral pelvic urethra of male : EMAP:32420 for TS28
-- 107. Time component created for new component JFA:0002052 muscularis mucosa of ventral pelvic urethra of male : EMAP:32421 for TS25
-- 108. Time component created for new component JFA:0002052 muscularis mucosa of ventral pelvic urethra of male : EMAP:32422 for TS26
-- 109. Time component created for new component JFA:0002052 muscularis mucosa of ventral pelvic urethra of male : EMAP:32423 for TS27
-- 110. Time component created for new component JFA:0002052 muscularis mucosa of ventral pelvic urethra of male : EMAP:32424 for TS28
-- 111. Time component created for new component JFA:0002053 submucosa of ventral urethra of male : EMAP:32425 for TS25
-- 112. Time component created for new component JFA:0002053 submucosa of ventral urethra of male : EMAP:32426 for TS26
-- 113. Time component created for new component JFA:0002053 submucosa of ventral urethra of male : EMAP:32427 for TS27
-- 114. Time component created for new component JFA:0002053 submucosa of ventral urethra of male : EMAP:32428 for TS28
-- 115. Time component created for new component JFA:0002054 intermediate cell layer of prostatic urethra : EMAP:32429 for TS28
-- 116. Time component created for new component JFA:0002055 lamina propria of prostatic urethra : EMAP:32430 for TS28
-- 117. Time component created for new component JFA:0002056 muscularis mucosa of prostatic urethra : EMAP:32431 for TS28
-- 118. Time component created for new component JFA:0002057 submucosa of prostatic urethra : EMAP:32432 for TS28
-- 119. Time component created for new component EMAPA:32259 urothelium of dorsal pelvic urethra of male : EMAP:32433 for TS23
-- 120. Time component created for new component EMAPA:32259 urothelium of dorsal pelvic urethra of male : EMAP:32434 for TS24
-- 121. Time component created for new component EMAPA:32259 urothelium of dorsal pelvic urethra of male : EMAP:32435 for TS25
-- 122. Time component created for new component EMAPA:32259 urothelium of dorsal pelvic urethra of male : EMAP:32436 for TS26
-- 123. Time component created for new component EMAPA:32259 urothelium of dorsal pelvic urethra of male : EMAP:32437 for TS27
-- 124. Time component created for new component EMAPA:32259 urothelium of dorsal pelvic urethra of male : EMAP:32438 for TS28
-- 125. Time component created for new component EMAPA:32258 vasculature of pelvic urethra of female : EMAP:32439 for TS25
-- 126. Time component created for new component EMAPA:32258 vasculature of pelvic urethra of female : EMAP:32440 for TS26
-- 127. Time component created for new component EMAPA:32258 vasculature of pelvic urethra of female : EMAP:32441 for TS27
-- 128. Time component created for new component EMAPA:32258 vasculature of pelvic urethra of female : EMAP:32442 for TS28
-- 129. Time component created for new component EMAPA:32261 superficial cell layer of ventral pelvic urethra of male : EMAP:32443 for TS23
-- 130. Time component created for new component EMAPA:32261 superficial cell layer of ventral pelvic urethra of male : EMAP:32444 for TS24
-- 131. Time component created for new component EMAPA:32261 superficial cell layer of ventral pelvic urethra of male : EMAP:32445 for TS25
-- 132. Time component created for new component EMAPA:32261 superficial cell layer of ventral pelvic urethra of male : EMAP:32446 for TS26
-- 133. Time component created for new component EMAPA:32261 superficial cell layer of ventral pelvic urethra of male : EMAP:32447 for TS27
-- 134. Time component created for new component EMAPA:32261 superficial cell layer of ventral pelvic urethra of male : EMAP:32448 for TS28
-- 135. Time component created for new component EMAPA:32262 nerve of prostate gland : EMAP:32449 for TS28
-- 136. Time component created for new component EMAPA:32260 neural crest derivatives of pelvic urethra of male : EMAP:32450 for TS25
-- 137. Time component created for new component EMAPA:32260 neural crest derivatives of pelvic urethra of male : EMAP:32451 for TS26
-- 138. Time component created for new component EMAPA:32260 neural crest derivatives of pelvic urethra of male : EMAP:32452 for TS27
-- 139. Time component created for new component EMAPA:32285 urothelium of ventral pelvic urethra of female : EMAP:32453 for TS23
-- 140. Time component created for new component EMAPA:32285 urothelium of ventral pelvic urethra of female : EMAP:32454 for TS24
-- 141. Time component created for new component EMAPA:32285 urothelium of ventral pelvic urethra of female : EMAP:32455 for TS25
-- 142. Time component created for new component EMAPA:32285 urothelium of ventral pelvic urethra of female : EMAP:32456 for TS26
-- 143. Time component created for new component EMAPA:32285 urothelium of ventral pelvic urethra of female : EMAP:32457 for TS27
-- 144. Time component created for new component EMAPA:32285 urothelium of ventral pelvic urethra of female : EMAP:32458 for TS28
-- 145. Time component created for new component EMAPA:32286 basal cell layer of ventral pelvic urethra of female : EMAP:32459 for TS23
-- 146. Time component created for new component EMAPA:32286 basal cell layer of ventral pelvic urethra of female : EMAP:32460 for TS24
-- 147. Time component created for new component EMAPA:32286 basal cell layer of ventral pelvic urethra of female : EMAP:32461 for TS25
-- 148. Time component created for new component EMAPA:32286 basal cell layer of ventral pelvic urethra of female : EMAP:32462 for TS26
-- 149. Time component created for new component EMAPA:32286 basal cell layer of ventral pelvic urethra of female : EMAP:32463 for TS27
-- 150. Time component created for new component EMAPA:32286 basal cell layer of ventral pelvic urethra of female : EMAP:32464 for TS28
-- 151. Time component created for new component EMAPA:32287 superficial cell layer of ventral pelvic urethra of female : EMAP:32465 for TS23
-- 152. Time component created for new component EMAPA:32287 superficial cell layer of ventral pelvic urethra of female : EMAP:32466 for TS24
-- 153. Time component created for new component EMAPA:32287 superficial cell layer of ventral pelvic urethra of female : EMAP:32467 for TS25
-- 154. Time component created for new component EMAPA:32287 superficial cell layer of ventral pelvic urethra of female : EMAP:32468 for TS26
-- 155. Time component created for new component EMAPA:32287 superficial cell layer of ventral pelvic urethra of female : EMAP:32469 for TS27
-- 156. Time component created for new component EMAPA:32287 superficial cell layer of ventral pelvic urethra of female : EMAP:32470 for TS28
-- 157. Time component created for new component EMAPA:32288 neural crest derivatives of pelvic urethra of female : EMAP:32471 for TS25
-- 158. Time component created for new component EMAPA:32288 neural crest derivatives of pelvic urethra of female : EMAP:32472 for TS26
-- 159. Time component created for new component EMAPA:32288 neural crest derivatives of pelvic urethra of female : EMAP:32473 for TS27
-- 160. Time component created for new component EMAPA:32276 mesenchymal pad of pelvic urethra of female : EMAP:32474 for TS25
-- 161. Time component created for new component EMAPA:32276 mesenchymal pad of pelvic urethra of female : EMAP:32475 for TS26
-- 162. Time component created for new component EMAPA:32276 mesenchymal pad of pelvic urethra of female : EMAP:32476 for TS27
-- 163. Time component created for new component EMAPA:32277 epithelial layer of prostate gland : EMAP:32477 for TS24
-- 164. Time component created for new component EMAPA:32277 epithelial layer of prostate gland : EMAP:32478 for TS25
-- 165. Time component created for new component EMAPA:32277 epithelial layer of prostate gland : EMAP:32479 for TS26
-- 166. Time component created for new component EMAPA:32277 epithelial layer of prostate gland : EMAP:32480 for TS27
-- 167. Time component created for new component EMAPA:32277 epithelial layer of prostate gland : EMAP:32481 for TS28
-- 168. Time component created for new component EMAPA:32274 muscle layer of ejaculatory duct : EMAP:32482 for TS24
-- 169. Time component created for new component EMAPA:32274 muscle layer of ejaculatory duct : EMAP:32483 for TS25
-- 170. Time component created for new component EMAPA:32274 muscle layer of ejaculatory duct : EMAP:32484 for TS26
-- 171. Time component created for new component EMAPA:32274 muscle layer of ejaculatory duct : EMAP:32485 for TS27
-- 172. Time component created for new component EMAPA:32274 muscle layer of ejaculatory duct : EMAP:32486 for TS28
-- 173. Time component created for new component EMAPA:32275 mesenchymal pad of pelvic urethra of male : EMAP:32487 for TS25
-- 174. Time component created for new component EMAPA:32275 mesenchymal pad of pelvic urethra of male : EMAP:32488 for TS26
-- 175. Time component created for new component EMAPA:32275 mesenchymal pad of pelvic urethra of male : EMAP:32489 for TS27
-- 176. Time component created for new component EMAPA:32278 peri-prostatic mesenchyme of prostate gland : EMAP:32490 for TS24
-- 177. Time component created for new component EMAPA:32278 peri-prostatic mesenchyme of prostate gland : EMAP:32491 for TS25
-- 178. Time component created for new component EMAPA:32278 peri-prostatic mesenchyme of prostate gland : EMAP:32492 for TS26
-- 179. Time component created for new component EMAPA:32278 peri-prostatic mesenchyme of prostate gland : EMAP:32493 for TS27
-- 180. Time component created for new component EMAPA:32278 peri-prostatic mesenchyme of prostate gland : EMAP:32494 for TS28
-- 181. Time component created for new component EMAPA:32279 smooth muscle layer of prostatic urethra : EMAP:32495 for TS28
-- 182. Time component created for new component EMAPA:32280 nerve of prostatic urethra : EMAP:32496 for TS28
-- 183. Time component created for new component EMAPA:32284 superficial cell layer of dorsal pelvic urethra of female : EMAP:32497 for TS23
-- 184. Time component created for new component EMAPA:32284 superficial cell layer of dorsal pelvic urethra of female : EMAP:32498 for TS24
-- 185. Time component created for new component EMAPA:32284 superficial cell layer of dorsal pelvic urethra of female : EMAP:32499 for TS25
-- 186. Time component created for new component EMAPA:32284 superficial cell layer of dorsal pelvic urethra of female : EMAP:32500 for TS26
-- 187. Time component created for new component EMAPA:32284 superficial cell layer of dorsal pelvic urethra of female : EMAP:32501 for TS27
-- 188. Time component created for new component EMAPA:32284 superficial cell layer of dorsal pelvic urethra of female : EMAP:32502 for TS28
-- 189. Time component created for new component EMAPA:32283 basal cell layer of dorsal pelvic urethra of female : EMAP:32503 for TS23
-- 190. Time component created for new component EMAPA:32283 basal cell layer of dorsal pelvic urethra of female : EMAP:32504 for TS24
-- 191. Time component created for new component EMAPA:32283 basal cell layer of dorsal pelvic urethra of female : EMAP:32505 for TS25
-- 192. Time component created for new component EMAPA:32283 basal cell layer of dorsal pelvic urethra of female : EMAP:32506 for TS26
-- 193. Time component created for new component EMAPA:32283 basal cell layer of dorsal pelvic urethra of female : EMAP:32507 for TS27
-- 194. Time component created for new component EMAPA:32283 basal cell layer of dorsal pelvic urethra of female : EMAP:32508 for TS28
-- 195. Time component created for new component EMAPA:32282 urothelium of dorsal pelvic urethra of female : EMAP:32509 for TS23
-- 196. Time component created for new component EMAPA:32282 urothelium of dorsal pelvic urethra of female : EMAP:32510 for TS24
-- 197. Time component created for new component EMAPA:32282 urothelium of dorsal pelvic urethra of female : EMAP:32511 for TS25
-- 198. Time component created for new component EMAPA:32282 urothelium of dorsal pelvic urethra of female : EMAP:32512 for TS26
-- 199. Time component created for new component EMAPA:32282 urothelium of dorsal pelvic urethra of female : EMAP:32513 for TS27
-- 200. Time component created for new component EMAPA:32282 urothelium of dorsal pelvic urethra of female : EMAP:32514 for TS28
-- 201. Time component created for new component EMAPA:32281 vasculature of prostatic urethra : EMAP:32515 for TS28
-- 202. Time component created for new component EMAPA:32263 vasculature of pelvic urethra of male : EMAP:32516 for TS25
-- 203. Time component created for new component EMAPA:32263 vasculature of pelvic urethra of male : EMAP:32517 for TS26
-- 204. Time component created for new component EMAPA:32263 vasculature of pelvic urethra of male : EMAP:32518 for TS27
-- 205. Time component created for new component EMAPA:32263 vasculature of pelvic urethra of male : EMAP:32519 for TS28
-- 206. Time component created for new component EMAPA:32264 superficial cell layer of dorsal pelvic urethra of male : EMAP:32520 for TS23
-- 207. Time component created for new component EMAPA:32264 superficial cell layer of dorsal pelvic urethra of male : EMAP:32521 for TS24
-- 208. Time component created for new component EMAPA:32264 superficial cell layer of dorsal pelvic urethra of male : EMAP:32522 for TS25
-- 209. Time component created for new component EMAPA:32264 superficial cell layer of dorsal pelvic urethra of male : EMAP:32523 for TS26
-- 210. Time component created for new component EMAPA:32264 superficial cell layer of dorsal pelvic urethra of male : EMAP:32524 for TS27
-- 211. Time component created for new component EMAPA:32264 superficial cell layer of dorsal pelvic urethra of male : EMAP:32525 for TS28
-- 212. Time component created for new component EMAPA:32265 basal cell layer of dorsal pelvic urethra of male : EMAP:32526 for TS23
-- 213. Time component created for new component EMAPA:32265 basal cell layer of dorsal pelvic urethra of male : EMAP:32527 for TS24
-- 214. Time component created for new component EMAPA:32265 basal cell layer of dorsal pelvic urethra of male : EMAP:32528 for TS25
-- 215. Time component created for new component EMAPA:32265 basal cell layer of dorsal pelvic urethra of male : EMAP:32529 for TS26
-- 216. Time component created for new component EMAPA:32265 basal cell layer of dorsal pelvic urethra of male : EMAP:32530 for TS27
-- 217. Time component created for new component EMAPA:32265 basal cell layer of dorsal pelvic urethra of male : EMAP:32531 for TS28
-- 218. Time component created for new component EMAPA:32266 basal cell layer of ventral pelvic urethra of male : EMAP:32532 for TS23
-- 219. Time component created for new component EMAPA:32266 basal cell layer of ventral pelvic urethra of male : EMAP:32533 for TS24
-- 220. Time component created for new component EMAPA:32266 basal cell layer of ventral pelvic urethra of male : EMAP:32534 for TS25
-- 221. Time component created for new component EMAPA:32266 basal cell layer of ventral pelvic urethra of male : EMAP:32535 for TS26
-- 222. Time component created for new component EMAPA:32266 basal cell layer of ventral pelvic urethra of male : EMAP:32536 for TS27
-- 223. Time component created for new component EMAPA:32266 basal cell layer of ventral pelvic urethra of male : EMAP:32537 for TS28
-- 224. Time component created for new component EMAPA:32267 urothelium of ventral pelvic urethra of male : EMAP:32538 for TS23
-- 225. Time component created for new component EMAPA:32267 urothelium of ventral pelvic urethra of male : EMAP:32539 for TS24
-- 226. Time component created for new component EMAPA:32267 urothelium of ventral pelvic urethra of male : EMAP:32540 for TS25
-- 227. Time component created for new component EMAPA:32267 urothelium of ventral pelvic urethra of male : EMAP:32541 for TS26
-- 228. Time component created for new component EMAPA:32267 urothelium of ventral pelvic urethra of male : EMAP:32542 for TS27
-- 229. Time component created for new component EMAPA:32267 urothelium of ventral pelvic urethra of male : EMAP:32543 for TS28
-- 230. Time component created for new component EMAPA:32268 mesenchymal layer of lower part of vagina : EMAP:32544 for TS25
-- 231. Time component created for new component EMAPA:32268 mesenchymal layer of lower part of vagina : EMAP:32545 for TS26
-- 232. Time component created for new component EMAPA:32268 mesenchymal layer of lower part of vagina : EMAP:32546 for TS27
-- 233. Time component created for new component EMAPA:32269 mesenchymal layer of upper part of vagina : EMAP:32547 for TS25
-- 234. Time component created for new component EMAPA:32269 mesenchymal layer of upper part of vagina : EMAP:32548 for TS26
-- 235. Time component created for new component EMAPA:32269 mesenchymal layer of upper part of vagina : EMAP:32549 for TS27
-- 236. Time component created for new component EMAPA:32271 superficial cell layer of prostatic urethra : EMAP:32550 for TS28
-- 237. Time component created for new component EMAPA:32270 striated muscle layer of prostatic urethra : EMAP:32551 for TS28
-- 238. Time component created for new component EMAPA:32273 mesenchymal layer of ejaculatory duct : EMAP:32552 for TS24
-- 239. Time component created for new component EMAPA:32273 mesenchymal layer of ejaculatory duct : EMAP:32553 for TS25
-- 240. Time component created for new component EMAPA:32273 mesenchymal layer of ejaculatory duct : EMAP:32554 for TS26
-- 241. Time component created for new component EMAPA:32273 mesenchymal layer of ejaculatory duct : EMAP:32555 for TS27
-- 242. Time component created for new component EMAPA:32272 basal cell layer of prostatic urethra : EMAP:32556 for TS28
-- Number of OID Records Inserted for Timed Components in ANA_OBJECT: 242
-- Number of Records Inserted in ANA_TIMED_NODE: 242

-- ANA_SYNONYM INSERT SUMMARY
-- ==========================
-- Number of OID Records Inserted for Synonyms in ANA_OBJECT: 9
-- Number of records Inserted: 9

-- UPDATE SUMMARY
-- ==============

-- STAGES
-- ----
-- Number of Components whose Stage Range was Extended: 16
-- Number of Components whose Stage Range was Shortened: 0

-- EMAP:ID for Time Components created for stage range modification of existing Components: 
-- 1. Time component created for modification of stage range of component EMAPA:30797 vasculature of seminal vesicle : EMAP:32557 for TS24
-- 2. Time component created for modification of stage range of component EMAPA:30797 vasculature of seminal vesicle : EMAP:32558 for TS25
-- 3. Time component created for modification of stage range of component EMAPA:30797 vasculature of seminal vesicle : EMAP:32559 for TS26
-- 4. Time component created for modification of stage range of component EMAPA:30797 vasculature of seminal vesicle : EMAP:32560 for TS27
-- 5. Time component created for modification of stage range of component EMAPA:30799 vasculature of ejaculatory duct : EMAP:32561 for TS24
-- 6. Time component created for modification of stage range of component EMAPA:30799 vasculature of ejaculatory duct : EMAP:32562 for TS25
-- 7. Time component created for modification of stage range of component EMAPA:30799 vasculature of ejaculatory duct : EMAP:32563 for TS26
-- 8. Time component created for modification of stage range of component EMAPA:30799 vasculature of ejaculatory duct : EMAP:32564 for TS27
-- 9. Time component created for modification of stage range of component EMAPA:31409 rest of inner medullary interstitium : EMAP:32565 for TS27
-- 10. Time component created for modification of stage range of component EMAPA:31409 rest of inner medullary interstitium : EMAP:32566 for TS28
-- 11. Time component created for modification of stage range of component EMAPA:31560 muscle layer of dorsal pelvic urethra of female : EMAP:32567 for TS26
-- 12. Time component created for modification of stage range of component EMAPA:31560 muscle layer of dorsal pelvic urethra of female : EMAP:32568 for TS27
-- 13. Time component created for modification of stage range of component EMAPA:31552 mesenchymal layer of dorsal pelvic urethra of male : EMAP:32569 for TS26
-- 14. Time component created for modification of stage range of component EMAPA:31552 mesenchymal layer of dorsal pelvic urethra of male : EMAP:32570 for TS27
-- 15. Time component created for modification of stage range of component EMAPA:31552 mesenchymal layer of dorsal pelvic urethra of male : EMAP:32571 for TS28
-- 16. Time component created for modification of stage range of component EMAPA:31553 mesenchymal layer of ventral pelvic urethra of female : EMAP:32572 for TS26
-- 17. Time component created for modification of stage range of component EMAPA:31553 mesenchymal layer of ventral pelvic urethra of female : EMAP:32573 for TS27
-- 18. Time component created for modification of stage range of component EMAPA:31553 mesenchymal layer of ventral pelvic urethra of female : EMAP:32574 for TS28
-- 19. Time component created for modification of stage range of component EMAPA:31554 mesenchymal layer of dorsal pelvic urethra of female : EMAP:32575 for TS26
-- 20. Time component created for modification of stage range of component EMAPA:31554 mesenchymal layer of dorsal pelvic urethra of female : EMAP:32576 for TS27
-- 21. Time component created for modification of stage range of component EMAPA:31554 mesenchymal layer of dorsal pelvic urethra of female : EMAP:32577 for TS28
-- 22. Time component created for modification of stage range of component EMAPA:31550 mesenchymal layer of ventral pelvic urethra of male : EMAP:32578 for TS26
-- 23. Time component created for modification of stage range of component EMAPA:31550 mesenchymal layer of ventral pelvic urethra of male : EMAP:32579 for TS27
-- 24. Time component created for modification of stage range of component EMAPA:31550 mesenchymal layer of ventral pelvic urethra of male : EMAP:32580 for TS28
-- 25. Time component created for modification of stage range of component EMAPA:31556 muscle layer of dorsal pelvic urethra of male : EMAP:32581 for TS26
-- 26. Time component created for modification of stage range of component EMAPA:31556 muscle layer of dorsal pelvic urethra of male : EMAP:32582 for TS27
-- 27. Time component created for modification of stage range of component EMAPA:31559 muscle layer of ventral pelvic urethra of female : EMAP:32583 for TS26
-- 28. Time component created for modification of stage range of component EMAPA:31559 muscle layer of ventral pelvic urethra of female : EMAP:32584 for TS27
-- 29. Time component created for modification of stage range of component EMAPA:29786 epithelial layer of ejaculatory duct : EMAP:32585 for TS24
-- 30. Time component created for modification of stage range of component EMAPA:29786 epithelial layer of ejaculatory duct : EMAP:32586 for TS25
-- 31. Time component created for modification of stage range of component EMAPA:29786 epithelial layer of ejaculatory duct : EMAP:32587 for TS26
-- 32. Time component created for modification of stage range of component EMAPA:29786 epithelial layer of ejaculatory duct : EMAP:32588 for TS27
-- 33. Time component created for modification of stage range of component EMAPA:29771 epithelial layer of seminal vesicle : EMAP:32589 for TS24
-- 34. Time component created for modification of stage range of component EMAPA:29771 epithelial layer of seminal vesicle : EMAP:32590 for TS25
-- 35. Time component created for modification of stage range of component EMAPA:29771 epithelial layer of seminal vesicle : EMAP:32591 for TS26
-- 36. Time component created for modification of stage range of component EMAPA:29771 epithelial layer of seminal vesicle : EMAP:32592 for TS27
-- 37. Time component created for modification of stage range of component EMAPA:29775 adventitia of seminal vesicle : EMAP:32593 for TS24
-- 38. Time component created for modification of stage range of component EMAPA:29775 adventitia of seminal vesicle : EMAP:32594 for TS25
-- 39. Time component created for modification of stage range of component EMAPA:29775 adventitia of seminal vesicle : EMAP:32595 for TS26
-- 40. Time component created for modification of stage range of component EMAPA:29775 adventitia of seminal vesicle : EMAP:32596 for TS27
-- 41. Time component created for modification of stage range of component EMAPA:29773 muscle layer of seminal vesicle : EMAP:32597 for TS24
-- 42. Time component created for modification of stage range of component EMAPA:29773 muscle layer of seminal vesicle : EMAP:32598 for TS25
-- 43. Time component created for modification of stage range of component EMAPA:29773 muscle layer of seminal vesicle : EMAP:32599 for TS26
-- 44. Time component created for modification of stage range of component EMAPA:29773 muscle layer of seminal vesicle : EMAP:32600 for TS27
-- 45. Time component created for modification of stage range of component EMAPA:19285 male accessory gland : EMAP:32601 for TS24
-- 46. Time component created for modification of stage range of component EMAPA:19285 male accessory gland : EMAP:32602 for TS25
-- 47. Time component created for modification of stage range of component EMAPA:19287 prostate gland : EMAP:32603 for TS24
-- 48. Time component created for modification of stage range of component EMAPA:19287 prostate gland : EMAP:32604 for TS25
-- Number of OID Records Inserted for Timed Components in ANA_OBJECT: 48
-- Number of Records Inserted in ANA_TIMED_NODE: 48
-- Number of OID Records Deleted for Timed Components in ANA_OBJECT: 0

-- SYNONYMS
-- ------
-- Number of Components whose Synonyms were increased: 11
-- Number of Components whose Synonyms were removed: 1

-- Number of OID Records Inserted for Synonyms in ANA_OBJECT: 13
-- Number of records Inserted: 13
-- Number of OID Records Deleted for Synonyms in ANA_OBJECT: 1

-- PARENTS
-- -----
-- Number of Components whose Parents were increased: 1
-- Number of Components whose Parents were removed: 0

-- Number of OID Records Inserted for New part-of Links in ANA_OBJECT: 1
-- Number of Records Inserted: 0
-- Number of OID Records Deleted for Relationships in ANA_OBJECT: 0

-- DELETION SUMMARY
-- ================
-- Number of Components Scheduled to be Deleted: 4
--  glandular tissue of seminal vesicle(EMAPA:29321)
--  rest of the seminal vesicle(EMAPA:29286)
--  duct of the seminal vesicle(EMAPA:29282)
--  rest of ejaculatory duct(EMAPA:29788)
-- Number of Components Succesfully Deleted: 4
--  glandular tissue of seminal vesicle(EMAPA:29321)
--  rest of the seminal vesicle(EMAPA:29286)
--  duct of the seminal vesicle(EMAPA:29282)
--  rest of ejaculatory duct(EMAPA:29788)
-- Number of Scheduled Components for Deletion that were not Deleted: 0


